"State","Year","Month","Population","AbortionsPerThousandWomen","TreatedOriginal","Tau"
"Alabama",2022,4,1140289.70833131,0.570030576660384,"Control",0.0243168028541769
"Alaska",2022,4,159732.666667574,0.751255222262936,"Control",-0.126356991711699
"Arizona",2022,4,1625821.24999911,0.811897371867123,"Control",0.245124582445529
"Arkansas",2022,4,675417.124999268,0.429364298396068,"Control",-0.00900532961505923
"California",2022,4,9096312.37499584,1.50500548306052,"Control",-0.0320188329909123
"Colorado",2022,4,1371098.79166552,1.16694727595553,"Control",-0.0376318982840882
"Connecticut",2022,4,804144.374998723,1.11920200896938,"Control",-0.116027658055406
"Delaware",2022,4,215228.125001155,0.929246584287841,"Control",-0.237633072137515
"DC",2022,4,196779.499999937,4.72610205839682,"Control",0.210965671042046
"Florida",2022,4,4660461.00000052,1.29815483918851,"Control",-0.0223628551816839
"Georgia",2022,4,2582017.41666497,1.723458552711,"Control",0.0318347513623536
"Hawaii",2022,4,295892.124998415,0.811106412518702,"Control",-0.0724487608047116
"Idaho",2022,4,434400.416667437,0.506445186419849,"Control",0.00904833100046198
"Illinois",2022,4,2854937.41666736,1.97552491591347,"Control",-0.0331779553830853
"Indiana",2022,4,1528780.16666745,0.601786980272964,"Control",0.016517296696836
"Iowa",2022,4,693355.916666888,0.548059071633429,"Control",0.0009294879914854
"Kansas",2022,4,646386.999999525,1.50064899201363,"Control",0.016929386414235
"Kentucky",2022,4,985941.666666338,0.31442022432034,"Control",-0.0140227300606857
"Louisiana",2022,4,1043432.2083343,0.728365478782029,"Control",0.0233082886087989
"Maine",2022,4,281965.499999994,0.673841303280026,"Control",-0.104416180568589
"Maryland",2022,4,1390555.66666588,2.05673175735379,"Control",-0.00223874487792841
"Massachusetts",2022,4,1611563.2500005,1.0672866857689,"Control",0.00636347196924514
"Michigan",2022,4,2175020.75000066,1.19998855183299,"Control",-0.0184711109523583
"Minnesota",2022,4,1254746.83333356,0.741185373251122,"Control",-0.0111093931934982
"Mississippi",2022,4,667179.291666976,0.524596617987812,"Control",-0.0291766229284682
"Missouri",2022,4,1365245.0833326,0.00732469219049645,"Control",9.16933513988444e-07
"Montana",2022,4,237252.541667769,0.716536053965886,"Control",-0.00847353806262752
"Nebraska",2022,4,433668.124999182,0.461182153980944,"Control",0.00141386061365412
"Nevada",2022,4,715001.458332915,1.5944023424204,"Control",-0.108190514087323
"New Hampshire",2022,4,290406.208333206,0.79199408759231,"Control",0.014875399567471
"New Jersey",2022,4,2039088.1249997,2.24610204132334,"Control",-0.177046717933181
"New Mexico",2022,4,462118.875000898,2.6400133515378,"Control",-0.0601666648018302
"New York",2022,4,4465829.41666747,2.15861357445078,"Control",-0.0948052833709037
"North Carolina",2022,4,2418596.54166686,1.63317855291305,"Control",0.0520040163768987
"North Dakota",2022,4,170955.166667395,0.526453816836675,"Control",-0.063423693266846
"Ohio",2022,4,2564767.45833245,0.795393747441867,"Control",0.0174391755861295
"Oklahoma",2022,4,905994.541667554,0.529804516389825,"Control",0.168399318419781
"Oregon",2022,4,960529.874999839,0.874517307439439,"Control",-0.0327457802795872
"Pennsylvania",2022,4,2807280.49999948,1.04015256045861,"Control",0.0212067719039533
"Rhode Island",2022,4,245977.500000409,1.26027787094139,"Control",0.183523626403414
"South Carolina",2022,4,1157762.5416678,0.595977132759909,"Control",0.0396399841505268
"South Dakota",2022,4,189564.500002148,0.105504986428225,"Control",-0.0316425874389748
"Tennessee",2022,4,1590309.08333265,0.748282212855275,"Control",0.011368686648109
"Texas",2022,4,7159034.33332947,0.445590822933855,"Control",0.0197428392459968
"Utah",2022,4,838210.708333921,0.381765583305481,"Control",-0.0123134905788815
"Vermont",2022,4,137540.583333439,0.799763948458236,"Control",-0.062305810914711
"Virginia",2022,4,1955311.66666605,1.08934040353362,"Control",-0.0337228505403486
"Washington",2022,4,1771575.66666758,1.00475527717552,"Control",-0.013970912388054
"West Virginia",2022,4,366561.375001204,0.46376953927413,"Control",-0.0582742926250187
"Wisconsin",2022,4,1266466.16666643,0.465863214927398,"Control",0.00370768103489272
"Wyoming",2022,4,123894.791666246,0.322854572513055,"Control",-0.0129329194269432
"Alabama",2022,5,1140650.08333119,0.543549690707366,"Control",0.0163857660275848
"Alaska",2022,5,159722.666667655,0.813910778678014,"Control",-0.062816801004432
"Arizona",2022,5,1627905.16666571,0.90300100405165,"Control",0.348157654832487
"Arkansas",2022,5,675779.249999216,0.503122876294877,"Control",0.0462631177375488
"California",2022,5,9090289.41666217,1.50490258043105,"Control",-0.0280365979916402
"Colorado",2022,5,1371926.91666542,1.23184404319997,"Control",-0.00578794903046553
"Connecticut",2022,5,804602.749998619,1.15584988990107,"Control",-0.0791820608625984
"Delaware",2022,5,215398.250001244,1.02136391543909,"Control",-0.150927177107871
"DC",2022,5,196975.666666617,4.518324598471,"Control",0.0225266676760869
"Florida",2022,5,4665559.3333339,1.30745309708473,"Control",-0.0273883338168901
"Georgia",2022,5,2583723.16666488,1.60620923075009,"Control",-0.0461240939727259
"Hawaii",2022,5,295729.916664962,0.71010739247566,"Control",-0.166236006051865
"Idaho",2022,5,435319.833334165,0.505375549547088,"Control",0.00515634169938739
"Illinois",2022,5,2852577.83333409,1.96664221899356,"Control",-0.0591909079216442
"Indiana",2022,5,1529186.00000083,0.555851282969853,"Control",-0.0117399039058244
"Iowa",2022,5,693548.833333574,0.53348802884085,"Control",-0.0104687671673066
"Kansas",2022,5,646472.666666155,1.46951301885527,"Control",0.00101551055689453
"Kentucky",2022,5,985850.666666316,0.385453915941429,"Control",0.0361813184533704
"Louisiana",2022,5,1042739.75000103,0.776799771946167,"Control",0.0761100394730034
"Maine",2022,5,282185.999999994,0.81506524065689,"Control",0.0283987121793615
"Maryland",2022,5,1390141.3333325,2.05015125560498,"Control",-0.00888833002609601
"Massachusetts",2022,5,1611308.50000053,0.98677565469274,"Control",-0.0701925606980283
"Michigan",2022,5,2174328.16666738,1.18197429412832,"Control",-0.04364753767207
"Minnesota",2022,5,1254809.33333358,0.733179117783486,"Control",-0.0239372472142796
"Mississippi",2022,5,666998.250000333,0.524739007935666,"Control",-0.0455438075351006
"Missouri",2022,5,1365559.49999921,0.00732300569840112,"Control",5.49221348998888e-08
"Montana",2022,5,237738.750001181,0.757133618306255,"Control",0.0199599290816791
"Nebraska",2022,5,433772.583332451,0.438017540298024,"Control",-0.0167428003220296
"Nevada",2022,5,715591.916666215,1.55116341331977,"Control",-0.156295772009198
"New Hampshire",2022,5,290392.416666527,0.688723219069699,"Control",-0.0813699117371715
"New Jersey",2022,5,2038659.583333,2.2318586375079,"Control",-0.181373986601028
"New Mexico",2022,5,462200.75000097,2.59627445433068,"Control",-0.129949811138746
"New York",2022,5,4459513.16666751,2.27603319480383,"Control",0.012901848553792
"North Carolina",2022,5,2420964.75000019,1.63571154846418,"Control",0.0834570739701284
"North Dakota",2022,5,171039.666667452,0.643125668701578,"Control",-0.00378395896008765
"Ohio",2022,5,2564150.91666572,0.776085364970518,"Control",0.0114917452532448
"Oklahoma",2022,5,906810.083334283,0.154387343692991,"Control",-0.0436625754706832
"Oregon",2022,5,960555.083333164,0.832851768608593,"Control",-0.0680783940631583
"Pennsylvania",2022,5,2807341.99999944,0.943953390787629,"Control",-0.0455312939901467
"Rhode Island",2022,5,245910.000000447,1.17929323736112,"Control",0.104601744278987
"South Carolina",2022,5,1159056.75000122,0.543545430367701,"Control",0.0191306026403589
"South Dakota",2022,5,189832.000002314,0.21071263011248,"Control",0.0365712032720254
"Tennessee",2022,5,1591456.16666593,0.766593529594895,"Control",0.0327755904388334
"Texas",2022,5,7167946.99999585,0.417134780712208,"Control",0.00761142757476235
"Utah",2022,5,839517.75000064,0.476464017585924,"Control",0.0684631793053128
"Vermont",2022,5,137589.83333345,0.872157463183918,"Control",0.0122899819537728
"Virginia",2022,5,1955399.33333267,1.11486178952743,"Control",-0.0318910310672063
"Washington",2022,5,1772348.00000099,0.976106272582493,"Control",-0.0428815981585607
"West Virginia",2022,5,366399.083334634,0.627730828108923,"Control",0.042971271932478
"Wisconsin",2022,5,1266415.66666641,0.48957069650917,"Control",0.0252020465089542
"Wyoming",2022,5,123967.583332883,0.322664997772767,"Control",-0.0203946631204363
"Alabama",2022,6,1141010.45833107,0.455736401190041,"Control",-0.0407025688817612
"Alaska",2022,6,159712.666667736,0.876574181127751,"Control",-0.0254468426140951
"Arizona",2022,6,1629989.08333231,0.717796218369809,"Control",0.167026257335302
"Arkansas",2022,6,676141.374999164,0.384534965043844,"Control",-0.0372577881224893
"California",2022,6,9084266.45832849,1.57745262820447,"Control",0.0215152113494237
"Colorado",2022,6,1372755.04166533,1.3112317532022,"Control",0.043419847314554
"Connecticut",2022,6,805061.124998516,1.1800346215969,"Control",-0.0958419048907715
"Delaware",2022,6,215568.375001334,1.15972484367641,"Control",-0.0468418714348711
"DC",2022,6,197171.833333297,4.5138293079395,"Control",-0.0123173809527097
"Florida",2022,6,4670657.6666673,1.42378236098495,"Control",0.0497511889985738
"Georgia",2022,6,2585428.9166648,1.68637395980873,"Control",0.0142893426103718
"Hawaii",2022,6,295567.708331507,0.845829882470114,"Control",-0.0554758729639848
"Idaho",2022,6,436239.250000895,0.550156823347527,"Control",0.051600565329796
"Illinois",2022,6,2850218.25000081,2.19281453271104,"Control",0.0923688633047286
"Indiana",2022,6,1529591.83333422,0.562241495579487,"Control",-0.00477739279101153
"Iowa",2022,6,693741.750000261,0.562168847413109,"Control",0.0095392791758212
"Kansas",2022,6,646558.333332786,1.43838529650708,"Control",-0.0179448969711298
"Kentucky",2022,6,985759.666666295,0.30433381496989,"Control",-0.0221585883926847
"Louisiana",2022,6,1042047.29166775,0.518210645829474,"Control",-0.0994183280818028
"Maine",2022,6,282406.499999994,0.849838796203362,"Control",0.0556578697051477
"Maryland",2022,6,1389726.99999911,2.07954511929455,"Control",0.0111270749040253
"Massachusetts",2022,6,1611053.75000056,1.05520998290678,"Control",-0.0175403472220612
"Michigan",2022,6,2173635.5833341,1.33877086955689,"Control",0.0621186486244285
"Minnesota",2022,6,1254871.8333336,0.820800955635269,"Control",0.0350466404077777
"Mississippi",2022,6,666817.20833369,0.704840838127863,"Control",0.0747204304635692
"Missouri",2022,6,1365873.91666582,0.0073213199827482,"Control",-9.71855648888333e-07
"Montana",2022,6,238224.958334594,0.713611206770494,"Control",-0.0114863910190512
"Nebraska",2022,6,433877.041665721,0.484008094076095,"Control",0.0153289397083754
"Nevada",2022,6,716182.374999517,1.87103180248034,"Control",0.0627157497111659
"New Hampshire",2022,6,290378.624999848,0.757631523326191,"Control",-0.0297491501355187
"New Jersey",2022,6,2038231.04166629,2.26667139571334,"Control",-0.206378604895985
"New Mexico",2022,6,462282.625001042,3.07171397583199,"Control",0.190116475940575
"New York",2022,6,4453196.91666753,2.42971514677526,"Control",0.144699991970206
"North Carolina",2022,6,2423332.95833352,1.30811574575371,"Control",-0.135461090347025
"North Dakota",2022,6,171124.166667509,0.759682296963861,"Control",0.0672076522269336
"Ohio",2022,6,2563534.37499898,0.713858186512801,"Control",-0.0289309208393739
"Oklahoma",2022,6,907625.625001013,0,"Control",-0.124736742949097
"Oregon",2022,6,960580.291666489,0.947344025163437,"Control",0.00548028628453157
"Pennsylvania",2022,6,2807403.49999941,1.04010698853963,"Control",0.0243245220861936
"Rhode Island",2022,6,245842.500000485,1.05758768316905,"Control",0.00189065831808333
"South Carolina",2022,6,1160350.95833464,0.422286030343147,"Control",-0.058770586790885
"South Dakota",2022,6,190099.500002481,0.157812093138638,"Control",-0.00492861583305074
"Tennessee",2022,6,1592603.24999922,0.653018885903008,"Control",-0.0441442770869415
"Texas",2022,6,7176859.66666225,0.362275440897562,"Control",-0.0273542668207592
"Utah",2022,6,840824.791667362,0.428151029284136,"Control",0.0310025439584092
"Vermont",2022,6,137639.083333462,0.871845387906811,"Control",-0.00629184316414289
"Virginia",2022,6,1955486.9999993,1.26311246252258,"Control",0.0656138816075553
"Washington",2022,6,1773120.3333344,1.1053959300744,"Control",0.0609282538661631
"West Virginia",2022,6,366236.791668063,0.600704257477758,"Control",0.0153030206925406
"Wisconsin",2022,6,1266365.1666664,0.410624055120576,"Control",-0.0289097275438468
"Wyoming",2022,6,124040.37499952,0.403094556914983,"Control",0.0333275825473792
"Alabama",2022,7,1141370.83333094,0,"Ban",-0.505769388700564
"Alaska",2022,7,159702.666667817,0.688779982796413,"Control",-0.184486271967565
"Arizona",2022,7,1632072.9999989,0.128670715096777,"Control",-0.435464585645524
"Arkansas",2022,7,676503.499999111,0,"Ban",-0.423937585673415
"California",2022,7,9078243.49999482,1.53994547513602,"Control",-0.0146396284489025
"Colorado",2022,7,1373583.16666524,1.43420511244523,"Neighbor",0.178738376504717
"Connecticut",2022,7,805519.499998412,1.20419182900217,"Control",-0.0530418259198784
"Delaware",2022,7,215738.500001423,1.06610549344916,"Control",-0.110125870948685
"DC",2022,7,197367.999999977,4.56000972802129,"Control",0.0193612085683155
"Florida",2022,7,4675756.00000068,1.40939775300487,"Neighbor",0.0452655985947434
"Georgia",2022,7,2587134.66666471,1.67366625935331,"Neighbor",-0.0034018547586685
"Hawaii",2022,7,295405.499998054,0.710887238055431,"Control",-0.168135650658191
"Idaho",2022,7,437158.666667623,0.457499794124092,"Control",-0.0372074715299238
"Illinois",2022,7,2847858.66666754,2.40882740435547,"Neighbor",0.325053975663832
"Indiana",2022,7,1529997.6666676,0.718955344811632,"Neighbor",0.148046146340279
"Iowa",2022,7,693934.666666946,0.518780826629003,"Neighbor",-0.0330180541251819
"Kansas",2022,7,646643.999999415,1.43819474084789,"Neighbor",-0.0235191783121791
"Kentucky",2022,7,985668.666666273,0.284071117880835,"Neighbor",-0.0419238422102542
"Louisiana",2022,7,1041354.83333448,0.297689116213502,"Ban",-0.335347384250536
"Maine",2022,7,282626.999999994,0.849175768769456,"Control",0.0527655177698527
"Maryland",2022,7,1389312.66666572,2.00098945809791,"Neighbor",-0.0657798340387301
"Massachusetts",2022,7,1610799.00000059,1.0740011633974,"Control",0.00503235088838139
"Michigan",2022,7,2172943.00000082,1.39442221908207,"Neighbor",0.128196349213218
"Minnesota",2022,7,1254934.33333362,0.924351154628599,"Neighbor",0.144620059128099
"Mississippi",2022,7,666636.166667047,0,"Ban",-0.616155382923349
"Missouri",2022,7,1366188.33333242,0,"Ban",-0.00732258342446538
"Montana",2022,7,238711.166668005,0.670266088651499,"Neighbor",-0.0543272255703332
"Nebraska",2022,7,433981.49999899,0.483891594458493,"Neighbor",0.0165636125922488
"Nevada",2022,7,716772.833332816,1.72997628025927,"Control",-0.0278805074632691
"New Hampshire",2022,7,290364.833333169,0.723228076862333,"Control",-0.0550600138713657
"New Jersey",2022,7,2037802.49999959,2.32603503038246,"Control",-0.115865922664296
"New Mexico",2022,7,462364.500001114,3.15768187219495,"Neighbor",0.308738278919389
"New York",2022,7,4446880.66666757,2.34321556638681,"Control",0.0647368787044718
"North Carolina",2022,7,2425701.16666685,1.58716995024176,"Neighbor",0.118458007215277
"North Dakota",2022,7,171208.666667566,0.584082581486186,"Neighbor",-0.0882248469677599
"Ohio",2022,7,2562917.83333225,0.316046027486904,"Ban",-0.433406758574551
"Oklahoma",2022,7,908441.166667742,0,"Ban",-0.172536004640078
"Oregon",2022,7,960605.499999813,0.905678761989359,"Control",-0.015607420255652
"Pennsylvania",2022,7,2807464.99999937,1.18256149230738,"Neighbor",0.165043678042037
"Rhode Island",2022,7,245775.000000523,1.13925338215605,"Control",0.0624164471587323
"South Carolina",2022,7,1161645.16666805,0.15495265263858,"Ban",-0.340502691722331
"South Dakota",2022,7,190367.000002647,0,"Ban",-0.156794792617448
"Tennessee",2022,7,1593750.3333325,0.175686237765062,"Ban",-0.528526767827097
"Texas",2022,7,7185772.33332863,0.00974147200229683,"Ban",-0.386854466706415
"Utah",2022,7,842131.833334081,0.32061488393218,"Control",-0.070311431623641
"Vermont",2022,7,137688.333333474,0.871533535883295,"Control",0.00164092949251737
"Virginia",2022,7,1955574.66666592,1.36532756611749,"Neighbor",0.181749532906712
"Washington",2022,7,1773892.6666678,0.986530940052487,"Control",-0.0412992982067161
"West Virginia",2022,7,366074.500001493,0.16390106385382,"Ban",-0.407940944776383
"Wisconsin",2022,7,1266314.66666638,0,"Ban",-0.443386044038667
"Wyoming",2022,7,124113.166666157,0.402858144249041,"Neighbor",0.0393034775169035
"Alabama",2022,8,1141731.20833082,0,"Ban",-0.437920170667641
"Alaska",2022,8,159692.666667897,1.00192453002705,"Control",0.0747470080920114
"Arizona",2022,8,1634156.91666549,0.440594163667687,"Control",-0.117282977436831
"Arkansas",2022,8,676865.624999059,0,"Ban",-0.331184982549979
"California",2022,8,9072220.54166115,1.60159245834863,"Control",0.0133816457331133
"Colorado",2022,8,1374411.29166515,1.61523702072499,"Neighbor",0.298851932390373
"Connecticut",2022,8,805977.874998308,1.15387782822444,"Control",-0.158818996431311
"Delaware",2022,8,215908.625001513,1.15789723545434,"Control",-0.0681364898670354
"DC",2022,8,197564.166666657,4.96041370525213,"Control",0.332291341200711
"Florida",2022,8,4680854.33333406,1.55740800308296,"Neighbor",0.103128772948769
"Georgia",2022,8,2588840.41666462,0.745507520500838,"Ban",-0.994953203143304
"Hawaii",2022,8,295243.2916646,1.01611114788953,"Control",0.0864963279560718
"Idaho",2022,8,438078.083334351,0.456539616129017,"Control",-0.0285977664997218
"Illinois",2022,8,2845499.08333427,2.58302666236936,"Neighbor",0.323708434444549
"Indiana",2022,8,1530403.50000099,0.692627793911419,"Neighbor",0.116289405607421
"Iowa",2022,8,694127.583333632,0.403384056076933,"Neighbor",-0.170813727443091
"Kansas",2022,8,646729.666666045,1.97918862543994,"Neighbor",0.541302175949038
"Kentucky",2022,8,985577.666666252,0,"Ban",-0.262336067699248
"Louisiana",2022,8,1040662.37500121,0,"Ban",-0.431937929397636
"Maine",2022,8,282847.499999994,0.848513775090835,"Control",0.046355149305965
"Maryland",2022,8,1388898.33333233,2.13118550794009,"Control",0.0415462669907627
"Massachusetts",2022,8,1610544.25000061,1.0803801261588,"Control",-0.0126478864446533
"Michigan",2022,8,2172250.41666754,1.4501090554893,"Neighbor",0.0620629025380073
"Minnesota",2022,8,1254996.83333364,0.972114006661934,"Neighbor",0.12432786950323
"Mississippi",2022,8,666455.125000405,0,"Ban",-0.755868201724763
"Missouri",2022,8,1366502.74999903,0,"Ban",-0.0073212930559405
"Montana",2022,8,239197.375001417,0.919742534794527,"Neighbor",0.229328925568846
"Nebraska",2022,8,434085.95833226,0.598959710650188,"Neighbor",0.0957164755983118
"Nevada",2022,8,717363.291666116,2.16069043120403,"Control",0.229651043848625
"New Hampshire",2022,8,290351.04166649,0.826585634487491,"Control",0.0186401629560392
"New Jersey",2022,8,2037373.95833289,2.57193824362401,"Control",0.0326890244330205
"New Mexico",2022,8,462446.375001186,3.30849171430109,"Neighbor",0.0902757535869054
"New York",2022,8,4440564.41666761,2.5762490815492,"Control",0.252185516338289
"North Carolina",2022,8,2428069.37500018,1.77507283950636,"Neighbor",0.560519888119459
"North Dakota",2022,8,171293.166667623,0,"Neighbor",-0.76152765867473
"Ohio",2022,8,2562301.29166552,0.30441384958792,"Ban",-0.39696449006504
"Oklahoma",2022,8,909256.70833447,0,"Ban",-0.0566270486333145
"Oregon",2022,8,960630.708333138,1.11385154640396,"Control",0.110951308313866
"Pennsylvania",2022,8,2807526.49999934,1.10417479585704,"Neighbor",0.0110772641796038
"Rhode Island",2022,8,245707.500000561,1.18026515266867,"Control",0.123801262642741
"South Carolina",2022,8,1162939.37500147,0.309560418830556,"Ban",-0.0923664689609313
"South Dakota",2022,8,190634.500002813,0,"Ban",-0.114676147315467
"Tennessee",2022,8,1594897.41666578,0.156749893370972,"Ban",-0.459169259396374
"Texas",2022,8,7194684.99999501,0,"Ban",-0.354331093673861
"Utah",2022,8,843438.8750008,0.367542935461335,"Control",-0.016840801061199
"Vermont",2022,8,137737.583333485,0.943823732446712,"Control",0.0333130212601414
"Virginia",2022,8,1955662.33333254,1.22209236188914,"Neighbor",-0.0762291444137824
"Washington",2022,8,1774665.00000121,1.10443379454639,"Control",0.0372235548871682
"West Virginia",2022,8,365912.208334922,0.437263355404504,"Neighbor",-0.111928106683735
"Wisconsin",2022,8,1266264.16666637,0,"Ban",-0.381899475600193
"Wyoming",2022,8,124185.958332794,0.322097606983938,"Neighbor",-0.103852366245734
"Alabama",2022,9,1142091.5833307,0,"Ban",-0.506312412695938
"Alaska",2022,9,159682.666667978,1.00198727475338,"Control",0.0836601799268162
"Arizona",2022,9,1636240.83333209,0.372805755469246,"Control",-0.160918706612229
"Arkansas",2022,9,677227.749999007,0,"Ban",-0.427209335996814
"California",2022,9,9066197.58332746,1.40632275910763,"Control",-0.135479381082583
"Colorado",2022,9,1375239.41666506,1.45429223142104,"Neighbor",0.198367133949587
"Connecticut",2022,9,806436.249998206,1.06642031530938,"Control",-0.200417201044908
"Delaware",2022,9,216078.750001602,1.24954443691477,"Control",0.0268985035139422
"DC",2022,9,197760.333333337,4.34869817169259,"Control",-0.141352192082447
"Florida",2022,9,4685952.66666746,1.44901164885835,"Neighbor",0.086196422193004
"Georgia",2022,9,2590546.16666454,0.853101955270493,"Ban",-0.820192551973431
"Hawaii",2022,9,295081.083331146,0.948891731178099,"Control",0.0355940588834994
"Idaho",2022,9,438997.500001081,0,"Ban",-0.502695192569223
"Illinois",2022,9,2843139.50000099,2.36358434047913,"Neighbor",0.282996228151429
"Indiana",2022,9,1530809.33333438,0.463806944822771,"Neighbor",-0.105953388370746
"Iowa",2022,9,694320.500000319,0.460882258265244,"Neighbor",-0.0902010778103041
"Kansas",2022,9,646815.333332676,1.7779417721511,"Neighbor",0.316539459295035
"Kentucky",2022,9,985486.66666623,0,"Ban",-0.328709979054614
"Louisiana",2022,9,1039969.91666794,0,"Ban",-0.637565569343072
"Maine",2022,9,283067.999999995,0.777198411689079,"Control",-0.0060101615222391
"Maryland",2022,9,1388483.99999894,2.18223616548863,"Control",0.116006608601416
"Massachusetts",2022,9,1610289.50000064,1.05571078989171,"Control",-0.0138242174263832
"Michigan",2022,9,2171557.83333426,1.36768174183959,"Neighbor",0.10393892978599
"Minnesota",2022,9,1255059.33333365,0.972065596898491,"Neighbor",0.193674336923238
"Mississippi",2022,9,666274.083333761,0,"Ban",-0.613786147845636
"Missouri",2022,9,1366817.16666564,0,"Ban",-0.00732256654184769
"Montana",2022,9,239683.58333483,0.709268434803546,"Neighbor",-0.016839172481083
"Nebraska",2022,9,434190.41666553,0.529721502759874,"Neighbor",0.0635362713465539
"Nevada",2022,9,717953.749999418,1.97784328029647,"Neighbor",0.179263030640174
"New Hampshire",2022,9,290337.249999811,0.757739490885661,"Control",-0.0292457377963942
"New Jersey",2022,9,2036945.41666619,2.22882751931099,"Control",-0.242943698905739
"New Mexico",2022,9,462528.250001259,3.65383087410423,"Neighbor",0.812164156307197
"New York",2022,9,4434248.16666763,2.33410481573883,"Control",0.0601722489378527
"North Carolina",2022,9,2430437.58333351,1.64990865328046,"Neighbor",0.176822483541786
"North Dakota",2022,9,171377.666667681,0,"Neighbor",-0.673476181515318
"Ohio",2022,9,2561684.74999878,0.417693863384442,"Neighbor",-0.332131135501936
"Oklahoma",2022,9,910072.250001201,0,"Ban",-0.165868478281657
"Oregon",2022,9,960655.916666463,0.999317219979513,"Neighbor",0.0570733652624634
"Pennsylvania",2022,9,2807587.9999993,1.07565639972843,"Control",0.0616349237853251
"Rhode Island",2022,9,245640.000000599,1.13987949845024,"Control",0.0948147482620252
"South Carolina",2022,9,1164233.58333489,0.678557989829743,"Neighbor",0.182720506804268
"South Dakota",2022,9,190902.00000298,0,"Ban",-0.15993014137441
"Tennessee",2022,9,1596044.49999907,0,"Ban",-0.706133573108304
"Texas",2022,9,7203597.66666141,0,"Ban",-0.396659070819732
"Utah",2022,9,844745.916667522,0.378812129998074,"Neighbor",-0.0274660112365782
"Vermont",2022,9,137786.833333497,0.870910500639449,"Control",-0.0052235577976435
"Virginia",2022,9,1955749.99999916,1.23226383740306,"Neighbor",0.0500472269713785
"Washington",2022,9,1775437.33333462,1.13774784503717,"Neighbor",0.0908814661567812
"West Virginia",2022,9,365749.916668351,0.0546821724039797,"Neighbor",-0.521316115475409
"Wisconsin",2022,9,1266213.66666635,0,"Ban",-0.444975517349131
"Wyoming",2022,9,124258.749999431,0.482863379844676,"Neighbor",0.12037262969711
"Alabama",2022,10,1142451.95833057,0,"Ban",-0.516944120546989
"Alaska",2022,10,159672.666668059,0.939421900630199,"Control",0.0332374338667398
"Arizona",2022,10,1638324.74999869,0.256359430570976,"Control",-0.271990830597083
"Arkansas",2022,10,677589.874998954,0,"Ban",-0.427602745800105
"California",2022,10,9060174.6249938,1.41056883878866,"Control",-0.116968213359858
"Colorado",2022,10,1376067.54166497,1.42434868976599,"Neighbor",0.183257349533474
"Connecticut",2022,10,806894.624998102,1.06581451078823,"Control",-0.174772592696392
"Delaware",2022,10,216248.875001691,1.29480442382792,"Control",0.0840283767991148
"DC",2022,10,197956.500000017,4.59696953623611,"Control",0.105996854244926
"Florida",2022,10,4691051.00000084,1.60305227975536,"Neighbor",0.251033942791095
"Georgia",2022,10,2592251.91666445,0.979843040590096,"Ban",-0.701777897348876
"Hawaii",2022,10,294918.874997692,0.88159837176252,"Control",-0.0171817919000328
"Idaho",2022,10,439916.916667809,0.0227315650322018,"Ban",-0.4784657438248
"Illinois",2022,10,2840779.91666772,2.35850723975098,"Neighbor",0.295473290401289
"Indiana",2022,10,1531215.16666776,0.313476518812557,"Neighbor",-0.261612837194617
"Iowa",2022,10,694513.416667005,0.446355667954841,"Neighbor",-0.104215878540526
"Kansas",2022,10,646900.999999305,1.9477478006702,"Neighbor",0.479803695556664
"Kentucky",2022,10,985395.666666209,0,"Ban",-0.326355168577233
"Louisiana",2022,10,1039277.45833467,0,"Ban",-0.652755071285609
"Maine",2022,10,283288.499999995,0.705994066119888,"Control",-0.0718748431023312
"Maryland",2022,10,1388069.66666555,2.23331729987795,"Neighbor",0.168677272912118
"Massachusetts",2022,10,1610034.75000067,1.02482260087822,"Control",-0.0380883635836453
"Michigan",2022,10,2170865.25000098,1.37733099739777,"Neighbor",0.12424609389842
"Minnesota",2022,10,1255121.83333367,1.00388660808598,"Neighbor",0.231713983430511
"Mississippi",2022,10,666093.041667118,0,"Ban",-0.598887670875268
"Missouri",2022,10,1367131.58333224,0,"Ban",-0.00732292085334284
"Montana",2022,10,240169.791668241,0.832744195724124,"Neighbor",0.108217051152271
"Nebraska",2022,10,434294.874998799,0.552619922122414,"Neighbor",0.0872809241024262
"Nevada",2022,10,718544.208332718,2.05972017147579,"Neighbor",0.303006027489604
"New Hampshire",2022,10,290323.458333132,0.688886806282493,"Control",-0.0874340775775577
"New Jersey",2022,10,2036516.87499949,2.27348963165413,"Control",-0.164913654543775
"New Mexico",2022,10,462610.12500133,3.7396500995196,"Neighbor",0.931688117296862
"New York",2022,10,4427931.91666767,2.36679339186564,"Control",0.0964298030375925
"North Carolina",2022,10,2432805.79166684,1.55787199002156,"Neighbor",0.0580422615180167
"North Dakota",2022,10,171462.166667738,0,"Neighbor",-0.648969925215478
"Ohio",2022,10,2561068.20833205,0.585693108492768,"Neighbor",-0.171735105800355
"Oklahoma",2022,10,910887.791667929,0,"Ban",-0.226491481386635
"Oregon",2022,10,960681.124999787,0.999290997832619,"Neighbor",0.0722243922898441
"Pennsylvania",2022,10,2807649.49999926,0.965220195754745,"Neighbor",-0.0531227008970465
"Rhode Island",2022,10,245572.500000637,1.26235633061192,"Control",0.200931603669884
"South Carolina",2022,10,1165527.7916683,0.712123731354326,"Neighbor",0.199582328142576
"South Dakota",2022,10,191169.500003146,0,"Ban",-0.150886460673385
"Tennessee",2022,10,1597191.58333235,0,"Ban",-0.713182535372659
"Texas",2022,10,7212510.33332779,0,"Ban",-0.404819907576292
"Utah",2022,10,846052.958334241,0.330948550255389,"Neighbor",-0.0766080566618421
"Vermont",2022,10,137836.083333508,0.798049373862748,"Control",-0.0665195129268606
"Virginia",2022,10,1955837.66666579,1.23732150231338,"Neighbor",0.0706076996130107
"Washington",2022,10,1776209.66666802,1.12599319637292,"Neighbor",0.0911089939993461
"West Virginia",2022,10,365587.625001781,0,"Ban",-0.557325520795587
"Wisconsin",2022,10,1266163.16666634,0,"Ban",-0.448475421219512
"Wyoming",2022,10,124331.541666068,0.321720453748034,"Neighbor",-0.0341492400479636
"Alabama",2022,11,1142812.33333045,0,"Ban",-0.472788701563471
"Alaska",2022,11,159662.66666814,0.939480738548458,"Control",0.0147549322103628
"Arizona",2022,11,1640408.66666528,0.481587311780032,"Control",-0.0473207370680887
"Arkansas",2022,11,677951.999998901,0,"Ban",-0.39416679194235
"California",2022,11,9054151.66666013,1.43580541596951,"Control",-0.0970480080011982
"Colorado",2022,11,1376895.66666487,1.43075473886249,"Neighbor",0.139948988782713
"Connecticut",2022,11,807352.999997998,1.1023678613967,"Control",-0.16863212315466
"Delaware",2022,11,216419.000001781,1.38619991774073,"Control",0.144279180651981
"DC",2022,11,198152.666666696,4.18868952894843,"Control",-0.180406519925558
"Florida",2022,11,4696149.33333422,1.46715947704077,"Neighbor",0.0628132240103287
"Georgia",2022,11,2593957.66666436,1.09870721354712,"Ban",-0.589398751603645
"Hawaii",2022,11,294756.666664239,0.949936105495967,"Control",0.0313435494790786
"Idaho",2022,11,440836.333334537,0,"Ban",-0.511230708957939
"Illinois",2022,11,2838420.33333445,2.27943688396543,"Neighbor",0.121113001435485
"Indiana",2022,11,1531621.00000115,0.437445033725378,"Neighbor",-0.129410159413478
"Iowa",2022,11,694706.33333369,0.503810003171345,"Neighbor",-0.055629655563226
"Kansas",2022,11,646986.666665935,1.74655840409067,"Neighbor",0.299468104347887
"Kentucky",2022,11,985304.666666187,0,"Ban",-0.308405218418733
"Louisiana",2022,11,1038585.00000139,0,"Ban",-0.552962522761686
"Maine",2022,11,283508.999999995,0.670172728202645,"Control",-0.0936112968302264
"Maryland",2022,11,1387655.33333216,2.26280973709801,"Neighbor",0.187083377830345
"Massachusetts",2022,11,1609780.0000007,1.01256072258277,"Control",-0.0428353850836858
"Michigan",2022,11,2170172.6666677,1.3178674876555,"Neighbor",0.0015573991207305
"Minnesota",2022,11,1255184.33333369,1.02773749300538,"Neighbor",0.219740231369903
"Mississippi",2022,11,665912.000000476,0,"Ban",-0.676493177798621
"Missouri",2022,11,1367445.99999885,0,"Ban",-0.00732179144079784
"Montana",2022,11,240656.000001653,0.789508676279398,"Neighbor",0.074017261661648
"Nebraska",2022,11,434399.333332069,0.460405863116539,"Neighbor",-0.0192013707727356
"Nevada",2022,11,719134.666666017,1.98850099471581,"Neighbor",0.215817617558176
"New Hampshire",2022,11,290309.666666453,0.688919533050847,"Control",-0.09080184848456
"New Jersey",2022,11,2036088.33333279,2.39675259668726,"Control",-0.0737277984331968
"New Mexico",2022,11,462692.000001403,3.91188955070438,"Neighbor",0.909612634207109
"New York",2022,11,4421615.6666677,1.94725201127416,"Control",-0.262734363320897
"North Carolina",2022,11,2435174.00000017,1.49475971737533,"Neighbor",0.135422579973821
"North Dakota",2022,11,171546.666667795,0,"Neighbor",-0.727076412667943
"Ohio",2022,11,2560451.66666532,0.5897397008734,"Neighbor",-0.136268713205386
"Oklahoma",2022,11,911703.333334658,0,"Ban",-0.0702066082098349
"Oregon",2022,11,960706.333333112,0.988855768967436,"Neighbor",0.0654305804147295
"Pennsylvania",2022,11,2807710.99999923,0.890405031002368,"Neighbor",-0.14634402477823
"Rhode Island",2022,11,245505.000000675,0.814647359522005,"Control",-0.179572744432939
"South Carolina",2022,11,1166822.00000172,0.642771562413885,"Neighbor",0.194997795030694
"South Dakota",2022,11,191437.000003312,0,"Ban",-0.153264342633894
"Tennessee",2022,11,1598338.66666563,0,"Ban",-0.66864446655228
"Texas",2022,11,7221422.99999416,0.00138476862524299,"Ban",-0.373000877620246
"Utah",2022,11,847360.00000096,0.377643504531294,"Neighbor",-0.0363758520525416
"Vermont",2022,11,137885.33333352,0.870288355540625,"Control",0.00939538030316767
"Virginia",2022,11,1955925.33333241,1.21681536582231,"Neighbor",-0.0198552870262863
"Washington",2022,11,1776982.00000143,1.02983598032987,"Neighbor",-0.0157961551860324
"West Virginia",2022,11,365425.33333521,0,"Ban",-0.584899713550211
"Wisconsin",2022,11,1266112.66666632,0,"Ban",-0.420142545124023
"Wyoming",2022,11,124404.333332705,0.321532208150858,"Neighbor",-0.0689338674520991
"Alabama",2022,12,1143172.70833032,0,"Ban",-0.420769016959004
"Alaska",2022,12,159652.66666822,1.00217555609329,"Control",0.0615642428588592
"Arizona",2022,12,1642492.58333188,0.499241219303765,"Control",-0.0388284413713131
"Arkansas",2022,12,678314.12499885,0,"Ban",-0.329361580449303
"California",2022,12,9048128.70832644,1.68653657479001,"Control",0.114397268667802
"Colorado",2022,12,1377723.79166478,1.54602832068843,"Neighbor",0.20615785212363
"Connecticut",2022,12,807811.374997895,1.20077536665354,"Control",-0.115113190602476
"Delaware",2022,12,216589.12500187,1.47745183419175,"Control",0.214419452649529
"DC",2022,12,198348.833333377,4.28537937791323,"Control",-0.194122521027658
"Florida",2022,12,4701247.66666762,1.71231140556058,"Neighbor",0.240334707377112
"Georgia",2022,12,2595663.41666428,0.993965544005544,"Ban",-0.734597958554129
"Hawaii",2022,12,294594.458330785,0.916514185398664,"Control",-0.0160326393933516
"Idaho",2022,12,441755.750001267,0,"Ban",-0.498371901887053
"Illinois",2022,12,2836060.75000118,2.59162290511476,"Neighbor",0.303149447322145
"Indiana",2022,12,1532026.83333454,0.359001544903033,"Neighbor",-0.209259534069707
"Iowa",2022,12,694899.250000377,0.532451287002827,"Neighbor",-0.0428241540316693
"Kansas",2022,12,647072.333332565,2.02450318537529,"Neighbor",0.596933936537489
"Kentucky",2022,12,985213.666666166,0,"Ban",-0.265098331341411
"Louisiana",2022,12,1037892.54166812,0,"Ban",-0.406061981931125
"Maine",2022,12,283729.499999995,0.704896741438601,"Control",-0.0764472119104501
"Maryland",2022,12,1387240.99999877,2.61670466775651,"Neighbor",0.524333547222266
"Massachusetts",2022,12,1609525.25000072,1.11834219438259,"Control",0.0373854662109803
"Michigan",2022,12,2169480.08333441,1.39203859173409,"Neighbor",-0.0139097362480711
"Minnesota",2022,12,1255246.83333371,0.979886957159927,"Neighbor",0.121695165437953
"Mississippi",2022,12,665730.958333832,0,"Ban",-0.780490501090574
"Missouri",2022,12,1367760.41666546,0,"Ban",-0.00732073426575552
"Montana",2022,12,241142.208335066,0.704978200099195,"Neighbor",0.0125980870970892
"Nebraska",2022,12,434503.791665338,0.39125090105298,"Neighbor",-0.113759453143112
"Nevada",2022,12,719725.124999319,2.19528253929095,"Neighbor",0.295420627174677
"New Hampshire",2022,12,290295.874999774,0.826742715514599,"Control",0.0231539269632905
"New Jersey",2022,12,2035659.79166609,2.56919158172275,"Control",0.0327755218820025
"New Mexico",2022,12,462773.875001475,4.1705033586735,"Neighbor",0.895883705681184
"New York",2022,12,4415299.41666772,2.31014910596891,"Control",0.0404198201850785
"North Carolina",2022,12,2437542.2083335,1.64509971818767,"Neighbor",0.474789457958583
"North Dakota",2022,12,171631.166667852,0,"Neighbor",-0.800176472943222
"Ohio",2022,12,2559835.12499858,0.726609296761264,"Neighbor",0.0374906270772636
"Oklahoma",2022,12,912518.875001388,0,"Ban",0
"Oregon",2022,12,960731.541666437,1.05128223254553,"Neighbor",0.0717399269346204
"Pennsylvania",2022,12,2807772.49999919,1.10051651264513,"Neighbor",0.013031436954787
"Rhode Island",2022,12,245437.500000713,0.937102113569979,"Control",-0.0692112695538775
"South Carolina",2022,12,1168116.20833514,0.7276673279035,"Neighbor",0.35251513374085
"South Dakota",2022,12,191704.500003479,0,"Ban",-0.127950385159276
"Tennessee",2022,12,1599485.74999891,0,"Ban",-0.603977206846951
"Texas",2022,12,7230335.66666057,0,"Ban",-0.341295271437159
"Utah",2022,12,848667.041667682,0.400628259737623,"Neighbor",0.0132012534265085
"Vermont",2022,12,137934.583333532,0.869977616199666,"Control",-0.0176977019671162
"Virginia",2022,12,1956012.99999903,1.23209815067752,"Neighbor",-0.0914408426772277
"Washington",2022,12,1777754.33333484,1.0968894652289,"Neighbor",0.0277503210809533
"West Virginia",2022,12,365263.041668639,0,"Ban",-0.577446383158971
"Wisconsin",2022,12,1266062.1666663,0,"Ban",-0.375737670949625
"Wyoming",2022,12,124477.124999342,0.401680228397501,"Neighbor",-0.0352162026593597
"Alabama",2023,1,1143533.0833302,0,"Ban",-0.417746400743574
"Alaska",2023,1,159642.666668301,0.87695854073201,"Control",-0.0432116918426901
"Arizona",2023,1,1644576.49999848,0.681026391901525,"Control",0.110816773719832
"Arkansas",2023,1,678676.249998797,0,"Ban",-0.32852818763036
"California",2023,1,9042105.74999277,1.74185089573992,"Control",0.1470840311925
"Colorado",2023,1,1378551.91666469,1.69017936273106,"Neighbor",0.346361460260622
"Connecticut",2023,1,808269.749997791,1.37330390009404,"Control",0.0473423761852174
"Delaware",2023,1,216759.250001959,1.19948744977504,"Control",-0.0315261808772069
"DC",2023,1,198545.000000057,4.63371024200931,"Control",0.0787136739687773
"Florida",2023,1,4706346.000001,1.47672950522518,"Neighbor",0.00151337146546204
"Georgia",2023,1,2597369.16666419,1.08571397404464,"Ban",-0.641414044165717
"Hawaii",2023,1,294432.249997331,1.0189101227964,"Control",0.0892523927639024
"Idaho",2023,1,442675.166667995,0,"Ban",-0.486749661899119
"Illinois",2023,1,2833701.1666679,2.80904708429789,"Neighbor",0.515075072698982
"Indiana",2023,1,1532432.66666792,0.33280418193442,"Neighbor",-0.234257177278001
"Iowa",2023,1,695092.166667063,0.53230350986997,"Neighbor",-0.0432704134989217
"Kansas",2023,1,647157.999999195,2.56506139150264,"Neighbor",1.1392086985213
"Kentucky",2023,1,985122.666666145,0,"Ban",-0.26513865460864
"Louisiana",2023,1,1037200.08333485,0,"Ban",-0.400910725579295
"Maine",2023,1,283949.999999995,0.845219228737469,"Control",0.0483180913845558
"Maryland",2023,1,1386826.66666538,2.6463292697021,"Neighbor",0.553404490214061
"Massachusetts",2023,1,1609270.50000075,1.13094722111612,"Control",0.0434499084222049
"Michigan",2023,1,2168787.50000113,1.37865051324689,"Neighbor",-0.0307580782160519
"Minnesota",2023,1,1255309.33333373,0.979838170033747,"Neighbor",0.119651577564397
"Mississippi",2023,1,665549.91666719,0,"Ban",-0.785083047739902
"Missouri",2023,1,1368074.83333206,0,"Ban",-0.00732064129623527
"Montana",2023,1,241628.416668478,0.869103075273332,"Neighbor",0.1766275691664
"Nebraska",2023,1,434608.249998608,0.736295272814138,"Neighbor",0.230800346383424
"Nevada",2023,1,720315.583332619,2.16571741066949,"Neighbor",0.263809049336674
"New Hampshire",2023,1,290282.083333095,0.757883495508583,"Control",-0.0456114542818354
"New Jersey",2023,1,2035231.24999939,2.57955944809789,"Control",0.0381076070943416
"New Mexico",2023,1,462855.750001547,4.47223568032391,"Neighbor",1.18680095922177
"New York",2023,1,4408983.16666776,2.18417708482162,"Control",-0.0947628771669096
"North Carolina",2023,1,2439910.41666683,1.82383745304845,"Neighbor",0.661797980222111
"North Dakota",2023,1,171715.666667909,0,"Neighbor",-0.806606555450918
"Ohio",2023,1,2559218.58333185,0.761951328698659,"Neighbor",0.0749906897900994
"Oklahoma",2023,1,913334.416668117,0,"Ban",0
"Oregon",2023,1,960756.749999761,1.09288849649015,"Neighbor",0.114097771073643
"Pennsylvania",2023,1,2807833.99999915,1.01857873364339,"Neighbor",-0.0685025721172781
"Rhode Island",2023,1,245370.000000751,1.01886946244135,"Control",-0.00695509325328625
"South Carolina",2023,1,1169410.41666856,0.846580452755274,"Neighbor",0.476072695378736
"South Dakota",2023,1,191972.000003645,0,"Ban",-0.129723286054796
"Tennessee",2023,1,1600632.8333322,0,"Ban",-0.60162688823879
"Texas",2023,1,7239248.33332694,0.00138135888417635,"Ban",-0.337672254150792
"Utah",2023,1,849974.083334401,0.423542325652731,"Neighbor",0.0505344780929985
"Vermont",2023,1,137983.833333543,0.942139356903904,"Control",0.0421570234439577
"Virginia",2023,1,1956100.66666565,1.58478551376613,"Neighbor",0.256712645136256
"Washington",2023,1,1778526.66666824,1.1526394506304,"Neighbor",0.0943471037516346
"West Virginia",2023,1,365100.750002069,0,"Ban",-0.581621173489927
"Wisconsin",2023,1,1266011.66666629,0,"Ban",-0.374429602712037
"Wyoming",2023,1,124549.916665979,0.401445471329308,"Neighbor",-0.0374943819707203
"Alabama",2023,2,1143893.45833008,0,"Ban",-0.487455655090551
"Alaska",2023,2,159632.666668382,0.814369656995456,"Control",-0.082186279893005
"Arizona",2023,2,1646660.41666507,0.60121685684594,"Control",0.0391053075295746
"Arkansas",2023,2,679038.374998744,0,"Ban",-0.389198042227716
"California",2023,2,9036082.7916591,1.54159720768144,"Control",0.000922290118194002
"Colorado",2023,2,1379380.0416646,1.50792380429828,"Neighbor",0.239643042584103
"Connecticut",2023,2,808728.124997687,1.21177929851618,"Control",-0.0553348378862741
"Delaware",2023,2,216929.375002049,1.01415495249513,"Control",-0.182097302382877
"DC",2023,2,198741.166666736,4.42786975018441,"Control",0.00721569910255493
"Florida",2023,2,4711444.33333438,1.4581515802688,"Neighbor",0.0674027095507808
"Georgia",2023,2,2599074.9166641,0.992660882323243,"Ban",-0.714048804667995
"Hawaii",2023,2,294270.041663877,0.883542199980311,"Control",-0.0156464772537201
"Idaho",2023,2,443594.583334723,0,"Ban",-0.506490264284258
"Illinois",2023,2,2831341.58333463,2.61360199121033,"Neighbor",0.475615595942988
"Indiana",2023,2,1532838.50000131,0.450145269706764,"Neighbor",-0.126470211746837
"Iowa",2023,2,695285.083333749,0.431477687629313,"Neighbor",-0.128424456407995
"Kansas",2023,2,647243.666665825,2.41022057123571,"Neighbor",0.953011050192191
"Kentucky",2023,2,985031.666666123,0,"Ban",-0.300350892261184
"Louisiana",2023,2,1036507.62500158,0,"Ban",-0.567555504495882
"Maine",2023,2,284170.499999995,0.738992963731294,"Control",-0.0360647733651005
"Maryland",2023,2,1386412.333332,2.64712013285385,"Neighbor",0.572809378224151
"Massachusetts",2023,2,1609015.75000078,0.975751791117794,"Control",-0.0790419138351974
"Michigan",2023,2,2168094.91666785,1.34680450452222,"Neighbor",0.0419114735339285
"Minnesota",2023,2,1255371.83333374,0.876234411822718,"Neighbor",0.075083431367848
"Mississippi",2023,2,665368.875000547,0,"Ban",-0.658666008861495
"Missouri",2023,2,1368389.24999867,0,"Ban",-0.00732233951979549
"Montana",2023,2,242114.625001889,0.702146762091193,"Neighbor",-0.0084608142919882
"Nebraska",2023,2,434712.708331877,0.644103553067136,"Neighbor",0.163800065607693
"Nevada",2023,2,720906.041665918,2.01135781391045,"Neighbor",0.298201314748455
"New Hampshire",2023,2,290268.291666416,0.792370391817794,"Control",0.0107556226970044
"New Jersey",2023,2,2034802.70833269,2.43266827772999,"Control",-0.0184320160498035
"New Mexico",2023,2,462937.625001619,3.97461753080356,"Neighbor",1.00942169701243
"New York",2023,2,4402666.9166678,2.01014525230044,"Control",-0.211068753078138
"North Carolina",2023,2,2442278.62500015,1.66647652660832,"Neighbor",0.275344313233354
"North Dakota",2023,2,171800.166667966,0,"Neighbor",-0.689166278197299
"Ohio",2023,2,2558602.04166511,0.750409781878577,"Neighbor",0.0138850286871643
"Oklahoma",2023,2,914149.958334845,0,"Ban",-0.170388533599675
"Oregon",2023,2,960781.958333086,0.915920612754595,"Neighbor",0.0150132160501921
"Pennsylvania",2023,2,2807895.49999912,1.05773167128226,"Neighbor",0.00872068459303943
"Rhode Island",2023,2,245302.500000789,0.937617839195523,"Control",-0.0887841869389581
"South Carolina",2023,2,1170704.62500197,0.854186426399669,"Neighbor",0.382570413304903
"South Dakota",2023,2,192239.500003811,0,"Ban",-0.134690877514047
"Tennessee",2023,2,1601779.91666548,0,"Ban",-0.675723780791875
"Texas",2023,2,7248160.99999332,0,"Ban",-0.386243409670169
"Utah",2023,2,851281.12500112,0.399398024946874,"Neighbor",-0.00436512295420194
"Vermont",2023,2,138033.083333555,0.724464002288144,"Control",-0.129802772702497
"Virginia",2023,2,1956188.33333228,1.46202691799522,"Neighbor",0.245777672790034
"Washington",2023,2,1779299.00000165,1.06783626585427,"Neighbor",0.0412063933897293
"West Virginia",2023,2,364938.458335498,0,"Ban",-0.5504783946822
"Wisconsin",2023,2,1265961.16666627,0,"Ban",-0.422579708275259
"Wyoming",2023,2,124622.708332616,0.32096879080208,"Neighbor",-0.0615933300758278
"Alabama",2023,3,1144253.83332995,0,"Ban",-0.375904891177669
"Alaska",2023,3,159622.666668463,0.877068419679901,"Control",-0.0490389813885658
"Arizona",2023,3,1648744.33333167,0.764217941209768,"Control",0.161575702868343
"Arkansas",2023,3,679400.499998693,0,"Ban",-0.254539494562636
"California",2023,3,9030059.83332542,1.78182651023196,"Control",0.126890214814062
"Colorado",2023,3,1380208.16666451,1.73162285061377,"Neighbor",0.3565163565661
"Connecticut",2023,3,809186.499997584,1.49532895074697,"Control",0.115293624142033
"Delaware",2023,3,217099.500002138,1.24366937739304,"Control",0.00771521507486295
"DC",2023,3,198937.333333417,5.52937943606801,"Control",0.768551567737035
"Florida",2023,3,4716542.66666777,1.66859510370127,"Neighbor",0.133834306250862
"Georgia",2023,3,2600780.66666402,1.23808979406566,"Ban",-0.54981203458864
"Hawaii",2023,3,294107.833330423,0.952031766136016,"Control",0.0107050198741259
"Idaho",2023,3,444514.000001454,0,"Ban",-0.461726520760003
"Illinois",2023,3,2828982.00000136,3.02935826385459,"Neighbor",0.615312995434686
"Indiana",2023,3,1533244.33333469,0.476114591868279,"Neighbor",-0.101632338852726
"Iowa",2023,3,695478.000000435,0.560765401637084,"Neighbor",-0.0321812466907623
"Kansas",2023,3,647329.333332455,2.62617482703648,"Neighbor",1.21168194984267
"Kentucky",2023,3,984940.666666102,0,"Ban",-0.211241440068955
"Louisiana",2023,3,1035815.16666831,0,"Ban",-0.257516890215703
"Maine",2023,3,284390.999999995,0.914234276049538,"Control",0.0908967815405141
"Maryland",2023,3,1385997.99999861,2.64069645122409,"Neighbor",0.531300466895435
"Massachusetts",2023,3,1608761.00000081,1.24940870645111,"Control",0.126316759891589
"Michigan",2023,3,2167402.33333457,1.5548566817381,"Neighbor",0.0603132014593375
"Minnesota",2023,3,1255434.33333376,1.12311728504015,"Neighbor",0.215684138328753
"Mississippi",2023,3,665187.833333903,0,"Ban",-0.879545908165755
"Missouri",2023,3,1368703.66666528,0,"Ban",-0.00732002616027635
"Montana",2023,3,242600.833335302,0.78317950267466,"Neighbor",0.120017806684218
"Nebraska",2023,3,434817.166665147,0.574954300717674,"Neighbor",0.0416336942943777
"Nevada",2023,3,721496.49999922,2.21761297525592,"Neighbor",0.135486224226415
"New Hampshire",2023,3,290254.499999737,0.93021813615377,"Control",0.0978760800578053
"New Jersey",2023,3,2034374.16666598,2.78709791586286,"Control",0.164814333473491
"New Mexico",2023,3,463019.500001691,4.62183558142191,"Neighbor",1.07999185236731
"New York",2023,3,4396350.66666782,2.50207520601112,"Control",0.141735185970584
"North Carolina",2023,3,2444646.83333349,1.91029638159719,"Neighbor",0.920525618461503
"North Dakota",2023,3,171884.666668023,0,"Neighbor",-0.849129511850556
"Ohio",2023,3,2557985.49999838,0.824867850111479,"Neighbor",0.16747066391338
"Oklahoma",2023,3,914965.500001576,0,"Ban",0
"Oregon",2023,3,960807.166666411,1.19691030614396,"Neighbor",0.133473038520126
"Pennsylvania",2023,3,2807956.99999908,1.23577390964361,"Neighbor",0.0828910829190885
"Rhode Island",2023,3,245235.000000827,1.22331641078552,"Control",0.165244202270713
"South Carolina",2023,3,1171998.83333539,0.930035055494013,"Neighbor",0.61477265560771
"South Dakota",2023,3,192507.000003978,0,"Ban",-0.0851752208778294
"Tennessee",2023,3,1602926.99999876,0,"Ban",-0.539119803719557
"Texas",2023,3,7257073.66665972,0.00137796589360003,"Ban",-0.313437854328787
"Utah",2023,3,852588.166667842,0.469159690033365,"Neighbor",0.135823074561246
"Vermont",2023,3,138082.333333567,1.01388784951802,"Control",0.0716441813188484
"Virginia",2023,3,1956275.9999989,1.57441996937126,"Neighbor",0.1726455666501
"Washington",2023,3,1780071.33333506,1.16849249861409,"Neighbor",0.082137570482645
"West Virginia",2023,3,364776.166668927,0,"Ban",-0.541267830979579
"Wisconsin",2023,3,1265910.66666626,0,"Ban",-0.32922773311619
"Wyoming",2023,3,124695.499999253,0.400976779437105,"Neighbor",-0.0801885468613278
"Alabama",2023,4,1144614.20832983,0,"Ban",-0.417361429577741
"Alaska",2023,4,159612.666668543,0.877123369479995,"Control",-0.0431900464642955
"Arizona",2023,4,1650828.24999826,0.678447318793568,"Ban",0.108658216507658
"Arkansas",2023,4,679762.62499864,0,"Ban",-0.328063355072626
"California",2023,4,9024036.87499175,1.74533861266102,"Neighbor",0.150812079368622
"Colorado",2023,4,1381036.29166441,1.68713886381067,"Neighbor",0.34295233946648
"Connecticut",2023,4,809644.87499748,1.37097143979755,"Control",0.0453028544993932
"Delaware",2023,4,217269.625002228,1.1966698059949,"Control",-0.0343668565318624
"DC",2023,4,199133.500000096,4.6200162202721,"Control",0.0650708828490059
"Florida",2023,4,4721641.00000116,1.47194587644387,"Neighbor",-0.00376728165947471
"Georgia",2023,4,2602486.41666393,1.08357914260121,"Ban",-0.643829224401081
"Hawaii",2023,4,293945.62499697,1.02059692163506,"Control",0.0909027594115883
"Idaho",2023,4,445433.416668182,0,"Ban",-0.486853348047671
"Illinois",2023,4,2826622.41666809,2.81608182014736,"Neighbor",0.521157025349002
"Indiana",2023,4,1533650.16666808,0.332539982770645,"Neighbor",-0.234525331193872
"Iowa",2023,4,695670.916667121,0.531860670232741,"Neighbor",-0.0438273167973467
"Kansas",2023,4,647414.999999085,2.56404315624807,"Neighbor",1.13833785930325
"Kentucky",2023,4,984849.66666608,0,"Ban",-0.264831030507182
"Louisiana",2023,4,1035122.70833503,0,"Ban",-0.399840623850497
"Maine",2023,4,284611.499999995,0.843254752531095,"Control",0.0464042525215419
"Maryland",2023,4,1385583.66666522,2.64870327811589,"Neighbor",0.555657400376561
"Massachusetts",2023,4,1608506.25000083,1.13148456836836,"Control",0.0439800907733587
"Michigan",2023,4,2166709.75000129,1.37997255977558,"Neighbor",-0.0300905997512868
"Minnesota",2023,4,1255496.83333378,0.979691837799323,"Neighbor",0.119138420557907
"Mississippi",2023,4,665006.79166726,0,"Ban",-0.785845379658311
"Missouri",2023,4,1369018.08333188,0,"Ban",-0.00732063331386634
"Montana",2023,4,243087.041668714,0.863888089461363,"Neighbor",0.171576379268201
"Nebraska",2023,4,434921.624998417,0.735764748421431,"Neighbor",0.230086816701627
"Nevada",2023,4,722086.95833252,2.1604046188598,"Neighbor",0.258939486551105
"New Hampshire",2023,4,290240.708333058,0.757991534900558,"Control",-0.0455386643571488
"New Jersey",2023,4,2033945.62499928,2.58118994700355,"Control",0.0398646714302835
"New Mexico",2023,4,463101.375001763,4.46986364484908,"Neighbor",1.18243866729374
"New York",2023,4,4390034.41666786,2.19360467048671,"Control",-0.0856939514626482
"North Carolina",2023,4,2447015.04166682,1.81854215206165,"Neighbor",0.657887917606583
"North Dakota",2023,4,171969.16666808,0,"Neighbor",-0.807158516958626
"Ohio",2023,4,2557368.95833165,0.762502412351217,"Neighbor",0.0758148488328484
"Oklahoma",2023,4,915781.041668304,0,"Ban",0
"Oregon",2023,4,960832.374999735,1.09280247764371,"Neighbor",0.114147444142306
"Pennsylvania",2023,4,2808018.49999904,1.01851180823808,"Neighbor",-0.0689280989193668
"Rhode Island",2023,4,245167.500000865,1.01971101389506,"Control",-0.00634696148697977
"South Carolina",2023,4,1173293.04166881,0.843778974936981,"Neighbor",0.473810790585132
"South Dakota",2023,4,192774.500004144,0,"Ban",-0.129552276683225
"Tennessee",2023,4,1604074.08333205,0,"Ban",-0.601155401370559
"Texas",2023,4,7265986.3333261,0.00137627564122081,"Ban",-0.33743084716343
"Utah",2023,4,853895.208334561,0.421597400343943,"Neighbor",0.048471062820142
"Vermont",2023,4,138131.583333578,0.941131614238136,"Control",0.0411346552719095
"Virginia",2023,4,1956363.66666552,1.58457246616307,"Neighbor",0.255859314397249
"Washington",2023,4,1780843.66666846,1.15113978748908,"Neighbor",0.0928505569442293
"West Virginia",2023,4,364613.875002357,0,"Ban",-0.581589207166781
"Wisconsin",2023,4,1265860.16666624,0,"Ban",-0.374107387452099
"Wyoming",2023,4,124768.29166589,0.400742843653676,"Neighbor",-0.0385373232354236
"Alabama",2023,5,1144974.5833297,0,"Ban",-0.327094075342162
"Alaska",2023,5,159602.666668624,1.00248951561819,"Control",0.0515772182553451
"Arizona",2023,5,1652912.16666486,0.695741747923846,"Control",0.0963911908411644
"Arkansas",2023,5,680124.749998587,0,"Ban",-0.238737091717474
"California",2023,5,9018013.91665808,1.72432645854272,"Control",0.0729162085537955
"Colorado",2023,5,1381864.41666432,1.72954739349119,"Neighbor",0.291572335592587
"Connecticut",2023,5,810103.249997376,1.55535729551027,"Control",0.167947901422266
"Delaware",2023,5,217439.750002317,1.19573353076993,"Control",-0.0595807042023415
"DC",2023,5,199329.666666776,5.11715098437985,"Control",0.454063910703082
"Florida",2023,5,4726739.33333454,1.45766447314101,"Neighbor",-0.12996032980234
"Georgia",2023,5,2604192.16666385,0.929270900580348,"Ban",-0.838477214710581
"Hawaii",2023,5,293783.416663516,1.02116042970391,"Control",0.062182310524084
"Idaho",2023,5,446352.833334909,0,"Ban",-0.46810467886713
"Illinois",2023,5,2824262.83333482,2.81843456849979,"Neighbor",0.313945636638353
"Indiana",2023,5,1534056.00000147,0.417194678681475,"Neighbor",-0.142203066460343
"Iowa",2023,5,695863.833333806,0.373636317258175,"Neighbor",-0.224627419561681
"Kansas",2023,5,647500.666665715,2.79536391726134,"Neighbor",1.40812534587824
"Kentucky",2023,5,984758.666666059,0,"Ban",-0.209848453453012
"Louisiana",2023,5,1034430.25000176,0,"Ban",-0.171625695707203
"Maine",2023,5,284831.999999995,0.772385125266837,"Control",-0.0302395129243568
"Maryland",2023,5,1385169.33333183,2.81554024201439,"Neighbor",0.6968728804705
"Massachusetts",2023,5,1608251.50000086,1.11922793170038,"Control",0.00927174865504021
"Michigan",2023,5,2166017.16666801,1.38503057416433,"Neighbor",-0.166788815458695
"Minnesota",2023,5,1255559.3333338,1.10707631499121,"Neighbor",0.166693083480104
"Mississippi",2023,5,664825.750000618,0,"Ban",-0.954868312170954
"Missouri",2023,5,1369332.49999849,0,"Ban",-0.00731855005790146
"Montana",2023,5,243573.250002126,0.780052817780039,"Neighbor",0.116500614957698
"Nebraska",2023,5,435026.083331686,0.413768293205442,"Neighbor",-0.128170165534019
"Nevada",2023,5,722677.41666582,1.96491542042559,"Neighbor",-0.127898218769235
"New Hampshire",2023,5,290226.916666379,0.895850746672386,"Control",0.0638083687397129
"New Jersey",2023,5,2033517.08333258,2.89154197335962,"Control",0.255921361791867
"New Mexico",2023,5,463183.250001835,4.0156892547229,"Neighbor",0.29519281416341
"New York",2023,5,4383718.16666789,2.36557178306979,"Control",0.049811387439004
"North Carolina",2023,5,2449383.25000014,1.83719718014718,"Neighbor",0.983156357812467
"North Dakota",2023,5,172053.666668137,0,"Ban",-0.951220859663993
"Ohio",2023,5,2556752.41666491,0.770508707514869,"Neighbor",0.147948923296856
"Oklahoma",2023,5,916596.583335033,0,"Ban",0
"Oregon",2023,5,960857.58333306,1.15521802528694,"Neighbor",0.0953274083059161
"Pennsylvania",2023,5,2808079.99999901,1.08971254380256,"Neighbor",-0.0593298619390963
"Rhode Island",2023,5,245100.000000903,0.938392492856598,"Control",-0.0700997348295956
"South Carolina",2023,5,1174587.25000222,0.757712975343734,"Neighbor",0.517111817671627
"South Dakota",2023,5,193042.00000431,0,"Ban",-0.111211466306005
"Tennessee",2023,5,1605221.16666533,0,"Ban",-0.500040515473348
"Texas",2023,5,7274898.99999248,0.00137458953038528,"Ban",-0.277496735600871
"Utah",2023,5,855202.250001279,0.362487353137268,"Neighbor",0.0101150743406446
"Vermont",2023,5,138180.83333359,1.23027192627789,"Control",0.284034747615874
"Virginia",2023,5,1956451.33333214,1.52316592251983,"Neighbor",0.0477654240385528
"Washington",2023,5,1781616.00000187,1.12818923943088,"Neighbor",0.0366576021522211
"West Virginia",2023,5,364451.583335786,0,"Ban",-0.605000429128276
"Wisconsin",2023,5,1265809.66666623,0,"Ban",-0.307087275838512
"Wyoming",2023,5,124841.083332527,0.560712852943993,"Neighbor",0.0460260227932711
"Alabama",2023,6,1145334.95832958,0,"Ban",-0.356961728240423
"Alaska",2023,6,159592.666668705,0.877233289738953,"Control",-0.0521983099219814
"Arizona",2023,6,1654996.08333146,0.65861183055241,"Control",0.0890944663623844
"Arkansas",2023,6,680486.874998535,0,"Ban",-0.266223205371762
"California",2023,6,9011990.9583244,1.68664172770388,"Control",0.0701667706575031
"Colorado",2023,6,1382692.54166423,1.64172433972038,"Neighbor",0.235556188306559
"Connecticut",2023,6,810561.624997274,1.50512923678579,"Control",0.145792755271836
"Delaware",2023,6,217609.875002406,1.42456770400044,"Control",0.168547625620824
"DC",2023,6,199525.833333456,4.56081292731236,"Control",-0.0134188758878642
"Florida",2023,6,4731837.66666793,1.46243393951275,"Neighbor",-0.08864888064896
"Georgia",2023,6,2605897.91666376,0.940174971679876,"Ban",-0.816898732489833
"Hawaii",2023,6,293621.208330062,0.885494618998134,"Control",-0.0463867552081086
"Idaho",2023,6,447272.25000164,0,"Ban",-0.482615032075431
"Illinois",2023,6,2821903.25000154,2.84559720465102,"Neighbor",0.408991729453407
"Indiana",2023,6,1534461.83333485,0.4561859961539,"Neighbor",-0.106653497807906
"Iowa",2023,6,696056.750000493,0.41663269553782,"Neighbor",-0.174600085544067
"Kansas",2023,6,647586.333332345,3.1192752163337,"Neighbor",1.71889767523945
"Kentucky",2023,6,984667.666666037,0,"Ban",-0.226236007520956
"Louisiana",2023,6,1033737.79166849,0,"Ban",-0.244747938567607
"Maine",2023,6,285052.499999996,0.877031424035936,"Control",0.0707196217604055
"Maryland",2023,6,1384754.99999844,2.89581911602018,"Neighbor",0.785337455699839
"Massachusetts",2023,6,1607996.75000089,1.15049983776334,"Control",0.0522916703728347
"Michigan",2023,6,2165324.58333473,1.36238235260638,"Neighbor",-0.143767011195824
"Minnesota",2023,6,1255621.83333381,1.09109284629314,"Neighbor",0.17647290853829
"Mississippi",2023,6,664644.708333974,0,"Ban",-0.89996592648073
"Missouri",2023,6,1369646.9166651,0,"Ban",-0.00731926163488093
"Montana",2023,6,244059.458335539,0.819472440707606,"Neighbor",0.147419754535467
"Nebraska",2023,6,435130.541664956,0.551558617516663,"Ban",0.0209180289227542
"Nevada",2023,6,723267.874999121,1.96331131118153,"Neighbor",-0.010167252992012
"New Hampshire",2023,6,290213.1249997,0.826978449028617,"Control",0.0117891654563154
"New Jersey",2023,6,2033088.54166588,2.80361621404325,"Control",0.224474426242393
"New Mexico",2023,6,463265.125001908,4.31718230460746,"Neighbor",0.736443702426715
"New York",2023,6,4377401.91666791,2.40325202032347,"Control",0.0996698084341809
"North Carolina",2023,6,2451751.45833348,1.90068205492882,"Neighbor",0.947104222118699
"North Dakota",2023,6,172138.166668195,0,"Ban",-0.902012570330627
"Ohio",2023,6,2556135.87499818,0.770694554725657,"Neighbor",0.126905909534792
"Oklahoma",2023,6,917412.125001763,0,"Ban",0
"Oregon",2023,6,960882.791666385,1.16559481521952,"Neighbor",0.161857839762265
"Pennsylvania",2023,6,2808141.49999897,1.14666586423839,"Neighbor",0.0156400396929401
"Rhode Island",2023,6,245032.500000941,0.979461908110467,"Control",-0.038389319670411
"South Carolina",2023,6,1175881.45833564,0.790896049433701,"Neighbor",0.507190064953087
"South Dakota",2023,6,193309.500004476,0,"Ban",-0.114989892029055
"Tennessee",2023,6,1606368.24999861,0,"Ban",-0.532503891294558
"Texas",2023,6,7283811.66665888,0,"Ban",-0.298928050668107
"Utah",2023,6,856509.291668002,0.385284786995532,"Neighbor",0.026193171099242
"Vermont",2023,6,138230.083333601,0.868117830113686,"Control",-0.0363166265203598
"Virginia",2023,6,1956538.99999876,1.56909726818731,"Neighbor",0.141870028969357
"Washington",2023,6,1782388.33333528,1.11647948024673,"Neighbor",0.0439849174542457
"West Virginia",2023,6,364289.291669215,0,"Ban",-0.59400086519304
"Wisconsin",2023,6,1265759.16666621,0,"Ban",-0.328364760242108
"Wyoming",2023,6,124913.874999164,0.560386106030803,"Neighbor",0.0701877859365637
"Alabama",2023,7,1145695.33332946,0,"Ban",-0.36416988504055
"Alaska",2023,7,159582.666668786,1.06527860167192,"Control",0.116071634487756
"Arizona",2023,7,1657079.99999805,0.627610012794326,"Control",0.0579686883876183
"Arkansas",2023,7,680848.999998483,0,"Ban",-0.29029343376901
"California",2023,7,9005967.99999073,1.56118698178968,"Control",-0.0472187058905051
"Colorado",2023,7,1383520.66666414,1.61182991604805,"Neighbor",0.206817155083582
"Connecticut",2023,7,811019.99999717,1.66457054080628,"Control",0.29867103362068
"Delaware",2023,7,217780.000002496,1.42345486268917,"Control",0.150340744716276
"DC",2023,7,199722.000000136,4.75661169024621,"Control",0.239105873145945
"Florida",2023,7,4736936.00000132,1.46297100066331,"Neighbor",-0.0751881297520829
"Georgia",2023,7,2607603.66666367,0.928055145395732,"Ban",-0.803926140644324
"Hawaii",2023,7,293458.999996608,0.954136693722926,"Control",0.0101394124317152
"Idaho",2023,7,448191.666668368,0,"Ban",-0.48760510342896
"Illinois",2023,7,2819543.66666827,2.74512506810935,"Neighbor",0.337175494117773
"Indiana",2023,7,1534867.66666824,0.573339330230488,"Neighbor",0.0172895159381047
"Iowa",2023,7,696249.666667179,0.272890615387287,"Neighbor",-0.312948446043297
"Kansas",2023,7,647671.999998975,2.64022529922971,"Neighbor",1.24013955735629
"Kentucky",2023,7,984576.666666016,0,"Ban",-0.245395021713181
"Louisiana",2023,7,1033045.33333522,0,"Ban",-0.282521607955179
"Maine",2023,7,285272.999999996,0.806245245782122,"Control",0.0121191546524643
"Maryland",2023,7,1384340.66666505,2.80277831420435,"Neighbor",0.696731103723003
"Massachusetts",2023,7,1607742.00000092,1.07604329550327,"Control",-0.0135906674936064
"Michigan",2023,7,2164632.00000145,1.38591686716171,"Neighbor",-0.0988145041277004
"Minnesota",2023,7,1255684.33333383,1.03529204393951,"Neighbor",0.132371291194535
"Mississippi",2023,7,664463.666667331,0,"Ban",-0.878091651959729
"Missouri",2023,7,1369961.3333317,0,"Ban",-0.00731924578940497
"Montana",2023,7,244545.66666895,0.817843156757903,"Neighbor",0.135185806916176
"Nebraska",2023,7,435234.999998226,0.275713120499246,"Ban",-0.246304720559575
"Nevada",2023,7,723858.333332421,1.80974638223637,"Neighbor",-0.156030392019719
"New Hampshire",2023,7,290199.333333021,0.827017751018007,"Control",0.0110642131182641
"New Jersey",2023,7,2032659.99999918,2.65661743725078,"Control",0.0735240348299051
"New Mexico",2023,7,463347.00000198,3.79844911047763,"Neighbor",0.281229573869481
"New York",2023,7,4371085.66666795,2.29691220114051,"Control",0.0171890212048438
"North Carolina",2023,7,2454119.6666668,1.27540642883612,"Ban",0.281674968702329
"North Dakota",2023,7,172222.666668252,0,"Ban",-0.903116240409203
"Ohio",2023,7,2555519.33333145,0.673053018056318,"Neighbor",0.0242275590486205
"Oklahoma",2023,7,918227.666668492,0,"Ban",0
"Oregon",2023,7,960907.999999709,1.11353011942904,"Neighbor",0.118827601979362
"Pennsylvania",2023,7,2808202.99999894,1.15376274436044,"Neighbor",0.0470174966251626
"Rhode Island",2023,7,244965.00000098,0.857265323614232,"Control",-0.133211457741357
"South Carolina",2023,7,1177175.66666906,0.747551979637882,"Neighbor",0.455969090641145
"South Dakota",2023,7,193577.000004642,0,"Ban",-0.135191882508867
"Tennessee",2023,7,1607515.33333189,0,"Ban",-0.548706773933287
"Texas",2023,7,7292724.33332526,0.00137122967260718,"Ban",-0.300500600053967
"Utah",2023,7,857816.33333472,0.43132776285763,"Neighbor",0.0677536575334688
"Vermont",2023,7,138279.333333613,0.795491252005199,"Control",-0.10167556912062
"Virginia",2023,7,1956626.66666539,1.46681022440078,"Neighbor",0.0542634179700388
"Washington",2023,7,1783160.66666868,1.03748362925489,"Neighbor",-0.0358852195304185
"West Virginia",2023,7,364127.000002645,0,"Ban",-0.618748394126499
"Wisconsin",2023,7,1265708.6666662,0,"Ban",-0.341064661594055
"Wyoming",2023,7,124986.666665801,0.400042671221034,"Neighbor",-0.0803539352087048
"Alabama",2023,8,1146055.70832933,0,"Ban",-0.33687377274954
"Alaska",2023,8,159572.666668866,1.06534535988404,"Control",0.107913383785272
"Arizona",2023,8,1659163.91666465,0.67503878836245,"Control",0.100934105921276
"Arkansas",2023,8,681211.12499843,0,"Ban",-0.240392227943205
"California",2023,8,8999945.04165706,1.69778814529146,"Control",0.0670107731421428
"Colorado",2023,8,1384348.79166404,1.66143100196252,"Neighbor",0.236617311487253
"Connecticut",2023,8,811478.374997066,1.46645928796846,"Control",0.0863641035280998
"Delaware",2023,8,217950.125002585,1.33057964521269,"Control",0.0563047866186153
"DC",2023,8,199918.166666816,4.65190340380592,"Control",0.0526187946439149
"Florida",2023,8,4742034.3333347,1.47194210529714,"Neighbor",-0.105446613172239
"Georgia",2023,8,2609309.41666359,0.91978359663791,"Ban",-0.853953693079753
"Hawaii",2023,8,293296.791663155,1.02285469370065,"Control",0.0639064000288326
"Idaho",2023,8,449111.083335096,0,"Ban",-0.47875249622318
"Illinois",2023,8,2817184.083335,2.9852504313613,"Neighbor",0.497819169871304
"Indiana",2023,8,1535273.50000162,0.0455944820254671,"Ban",-0.518140043271362
"Iowa",2023,8,696442.583333865,0.531271362283468,"Neighbor",-0.0662474080470011
"Kansas",2023,8,647757.666665605,2.80969271945267,"Neighbor",1.41669342842323
"Kentucky",2023,8,984485.666665994,0,"Ban",-0.208810011253961
"Louisiana",2023,8,1032352.87500195,0,"Ban",-0.187090680680127
"Maine",2023,8,285493.499999996,0.77059547765537,"Control",-0.0281573403094321
"Maryland",2023,8,1383926.33333166,2.73858507401616,"Neighbor",0.62156223428576
"Massachusetts",2023,8,1607487.25000094,1.1819689394108,"Control",0.0758189265251501
"Michigan",2023,8,2163939.41666817,1.46029966257811,"Neighbor",-0.0809448676926916
"Minnesota",2023,8,1255746.83333385,1.10691101351195,"Neighbor",0.172654620595906
"Mississippi",2023,8,664282.625000689,0,"Ban",-0.940524130303199
"Missouri",2023,8,1370275.74999831,0,"Ban",-0.00731886206330332
"Montana",2023,8,245031.875002362,1.0202754233407,"Neighbor",0.357542654716353
"Nebraska",2023,8,435339.458331495,0.528323347673354,"Ban",-0.0123993875928123
"Nevada",2023,8,724448.791665721,2.08434332056523,"Neighbor",0.0377540334155904
"New Hampshire",2023,8,290185.541666342,0.895978478138481,"Control",0.0664713338723448
"New Jersey",2023,8,2032231.45833248,2.84908491907261,"Control",0.225628791060493
"New Mexico",2023,8,463428.875002052,3.66830832453518,"Neighbor",-0.0189749391202816
"New York",2023,8,4364769.41666799,2.39187892953341,"Control",0.0841744770554596
"North Carolina",2023,8,2456487.87500013,1.34745220348373,"Ban",0.467614558535947
"North Dakota",2023,8,172307.166668309,0,"Ban",-0.929641158909654
"Ohio",2023,8,2554902.79166471,0.75541034527676,"Neighbor",0.125863071411894
"Oklahoma",2023,8,919043.20833522,0,"Ban",0
"Oregon",2023,8,960933.208333034,1.16553366070354,"Neighbor",0.12578658755623
"Pennsylvania",2023,8,2808264.4999989,1.19646849504429,"Neighbor",0.0449293355070546
"Rhode Island",2023,8,244897.500001018,0.939168427603566,"Control",-0.061054794694919
"South Carolina",2023,8,1178469.87500248,0.644904054079789,"Neighbor",0.389124943776803
"South Dakota",2023,8,193844.500004808,0,"Ban",-0.104323242529334
"Tennessee",2023,8,1608662.41666517,0,"Ban",-0.507145242108632
"Texas",2023,8,7301636.99999163,0.0013695558954809,"Ban",-0.28486793766776
"Utah",2023,8,859123.375001439,0.395752239891541,"Neighbor",0.0395931388282174
"Vermont",2023,8,138328.583333625,1.01208294501466,"Control",0.0845005370862044
"Virginia",2023,8,1956714.33333201,1.57406727570457,"Neighbor",0.113153754627761
"Washington",2023,8,1783933.00000209,1.11551274627336,"Neighbor",0.0256835096888668
"West Virginia",2023,8,363964.708336074,0,"Ban",-0.589856431805301
"Wisconsin",2023,8,1265658.16666618,0,"Ban",-0.310867772960064
"Wyoming",2023,8,125059.458332438,0.639695718074685,"Neighbor",0.131387984412947
"Alabama",2023,9,1146416.08332921,0,"Ban",-0.44275843806547
"Alaska",2023,9,159562.666668947,0.940069523350427,"Control",0.0178611800843265
"Arizona",2023,9,1661247.83333125,0.674192000451914,"Control",0.11988373797152
"Arkansas",2023,9,681573.249998378,0,"Ban",-0.372314919530819
"California",2023,9,8993922.08332338,1.54326442584336,"Control",-0.0189827077729283
"Colorado",2023,9,1385176.91666395,1.4294202972777,"Neighbor",0.104471495506876
"Connecticut",2023,9,811936.749996963,1.33015287213449,"Control",0.0245374968718761
"Delaware",2023,9,218120.250002674,1.23784930558575,"Control",0.00412334208764387
"DC",2023,9,200114.333333496,3.84780034080204,"Control",-0.575437342523772
"Florida",2023,9,4747132.66666809,1.43033710594942,"Neighbor",-0.0093885032670975
"Georgia",2023,9,2611015.1666635,0.877053503647888,"Ban",-0.814316215994225
"Hawaii",2023,9,293134.583329701,0.921078628570822,"Control",0.00197480050379195
"Idaho",2023,9,450030.500001826,0,"Ban",-0.504331629772534
"Illinois",2023,9,2814824.50000172,2.68578023247822,"Neighbor",0.463274375610081
"Indiana",2023,9,1535679.33333501,0.0390706566778488,"Ban",-0.521796356231581
"Iowa",2023,9,696635.500000551,0.473705402609742,"Neighbor",-0.0915772122540495
"Kansas",2023,9,647843.333332235,2.50060457003917,"Neighbor",1.06787337349354
"Kentucky",2023,9,984394.666665973,0,"Ban",-0.296971723389783
"Louisiana",2023,9,1031660.41666867,0,"Ban",-0.486118273306526
"Maine",2023,9,285713.999999996,0.805000805000816,"Control",0.0213745760784348
"Maryland",2023,9,1383511.99999827,2.3346382250418,"Neighbor",0.25149724209444
"Massachusetts",2023,9,1607232.50000097,1.02660940467481,"Control",-0.0415720172570402
"Michigan",2023,9,2163246.83333489,1.37293625222667,"Neighbor",0.0141559491109029
"Minnesota",2023,9,1255809.33333387,1.00333702462221,"Neighbor",0.171254466492396
"Mississippi",2023,9,664101.583334045,0,"Ban",-0.728833739952736
"Missouri",2023,9,1370590.16666492,0,"Ban",-0.00732101377011225
"Montana",2023,9,245518.083335775,0.855334145439708,"Neighbor",0.14555235731088
"Nebraska",2023,9,435443.916664765,0.413371258872303,"Ban",-0.0756395683684273
"Nevada",2023,9,725039.249999022,1.90334523269169,"Neighbor",0.106622793061647
"New Hampshire",2023,9,290171.749999663,0.861558714796634,"Control",0.0643625079134439
"New Jersey",2023,9,2031802.91666578,2.43133817728081,"Control",-0.0711017342665912
"New Mexico",2023,9,463510.750002124,3.64608587825041,"Neighbor",0.513171857702022
"New York",2023,9,4358453.16666801,2.13607893534334,"Control",-0.109378600977184
"North Carolina",2023,9,2458856.08333347,1.59423726608906,"Ban",0.329628083957785
"North Dakota",2023,9,172391.666668366,0,"Ban",-0.78085795499695
"Ohio",2023,9,2554286.24999798,0.704697838780373,"Neighbor",6.25515396783793e-05
"Oklahoma",2023,9,919858.750001951,0,"Ban",0
"Oregon",2023,9,960958.416666359,0.999002645015917,"Neighbor",0.0692882139150255
"Pennsylvania",2023,9,2808325.99999886,1.13590801068013,"Neighbor",0.0876560049898654
"Rhode Island",2023,9,244830.000001055,0.980272025482847,"Control",-0.0285898056118834
"South Carolina",2023,9,1179764.0833359,0.135620334827947,"Ban",-0.267976083947708
"South Dakota",2023,9,194112.000004975,0,"Ban",-0.155863978968535
"Tennessee",2023,9,1609809.49999846,0,"Ban",-0.63878015133445
"Texas",2023,9,7310549.66665803,0.00136788619952998,"Ban",-0.352222712088181
"Utah",2023,9,860430.416668161,0.406773160525057,"Neighbor",0.011598287626276
"Vermont",2023,9,138377.833333636,0.79492500605053,"Control",-0.0740816596548439
"Virginia",2023,9,1956801.99999863,1.55355523962165,"Neighbor",0.269462236023567
"Washington",2023,9,1784705.3333355,1.00296668955127,"Neighbor",-0.0422504134326596
"West Virginia",2023,9,363802.416669503,0,"Ban",-0.605048591852719
"Wisconsin",2023,9,1265607.66666617,0.0395067139026653,"Ban",-0.361751810057562
"Wyoming",2023,9,125132.249999075,0.479492696730408,"Neighbor",0.0656956973012849
"Alaska",2023,10,159552.666669028,0.996699995721772,"Control",0.0590830777085333
"Arizona",2023,10,1663331.74999784,0.65770842413055,"Control",0.094739103072153
"California",2023,10,8987899.12498971,1.60874520856875,"Control",0.018456099647117
"Colorado",2023,10,1386005.04166386,1.54791936256843,"Neighbor",0.16943530164728
"Connecticut",2023,10,812395.124996859,1.43269822790559,"Control",0.0962049073464464
"DC",2023,10,200310.500000176,4.18517936603775,"Control",-0.299351213076423
"Delaware",2023,10,218290.375002764,1.27356407748089,"Control",0.0218337081859108
"Florida",2023,10,4752231.00000147,1.41761947160493,"Neighbor",-0.0895584800299161
"Georgia",2023,10,2612720.91666341,0.844845750399627,"Ban",-0.877160551396062
"Hawaii",2023,10,292972.374996247,0.961177237376257,"Control",0.0254568578127649
"Iowa",2023,10,696828.416667237,0.441645023265477,"Neighbor",-0.1381068835588
"Illinois",2023,10,2812464.91666845,2.7649122816365,"Neighbor",0.414717615521347
"Indiana",2023,10,1536085.1666684,0,"Ban",-0.558620390551857
"Kansas",2023,10,647928.999998865,2.6683742609144,"Neighbor",1.25736326982946
"Massachusetts",2023,10,1606977.750001,1.07089562839294,"Control",-0.0106283676086087
"Maryland",2023,10,1383097.66666488,2.66172440619269,"Neighbor",0.56268402822068
"Maine",2023,10,285934.499999996,0.776955653716881,"Control",-0.0108147002625404
"Michigan",2023,10,2162554.25000161,1.37270369710511,"Neighbor",-0.0730790255679572
"Minnesota",2023,10,1255871.83333389,1.03566306646452,"Neighbor",0.154697333543315
"Montana",2023,10,246004.291669186,0.883790366383217,"Neighbor",0.193596407627105
"North Carolina",2023,10,2461224.29166679,1.52362433151265,"Ban",0.445288169879863
"Nebraska",2023,10,435548.374998034,0.45779349812394,"Ban",-0.0544449653277522
"New Hampshire",2023,10,290157.958332984,0.842653246954894,"Control",0.0339834635148939
"New Jersey",2023,10,2031374.37499908,2.62920844516131,"Control",0.078097096360406
"New Mexico",2023,10,463592.625002196,3.62237059077363,"Neighbor",0.224252564032849
"Nevada",2023,10,725629.708332322,1.94555608320719,"Neighbor",0.0472149752000335
"New York",2023,10,4352136.91666805,2.22246579152567,"Control",-0.0422138893060713
"Ohio",2023,10,2553669.70833125,0.721325836838981,"Neighbor",0.0546092578958804
"Oregon",2023,10,960983.624999683,1.06661645046807,"Neighbor",0.0944936316048487
"Pennsylvania",2023,10,2808387.49999883,1.11834356342276,"Neighbor",0.0276502730401484
"Rhode Island",2023,10,244762.500001094,0.925135627774281,"Control",-0.0747376539246579
"South Carolina",2023,10,1181058.29166931,0.404247436946251,"Ban",0.076438923496579
"Utah",2023,10,861737.45833488,0.402316054130028,"Neighbor",0.0223446407971954
"Virginia",2023,10,1956889.66666525,1.53962598009375,"Neighbor",0.167819366115264
"Vermont",2023,10,138427.083333648,0.900707994571652,"Control",0.00838591324214066
"Washington",2023,10,1785477.6666689,1.05103286913169,"Neighbor",-0.0112519322856524
"Wyoming",2023,10,125205.041665712,0.470092901843473,"Neighbor",0.0105077534216776
"Wisconsin",2023,10,1265557.16666615,0.0110889431102146,"Control",-0.348239819562532
"Alabama",2023,10,1146776.45832909,0,"Ban",-0.389346829034018
"Arkansas",2023,10,681935.374998326,0,"Ban",-0.314219446700633
"Idaho",2023,10,450949.916668554,0,"Ban",-0.493689191552609
"Kentucky",2023,10,984303.666665951,0,"Ban",-0.259868623111763
"Louisiana",2023,10,1030967.9583354,0,"Ban",-0.345033315083737
"Mississippi",2023,10,663920.541667403,0,"Ban",-0.831437463605456
"Missouri",2023,10,1370904.58333152,0,"Ban",-0.00731983747443783
"North Dakota",2023,10,172476.166668423,0,"Ban",-0.86219928358112
"Oklahoma",2023,10,920674.29166868,0,"Ban",0
"South Dakota",2023,10,194379.500005141,0,"Ban",-0.139213910018598
"Tennessee",2023,10,1610956.58333174,0,"Ban",-0.576434884861936
"Texas",2023,10,7319462.33332441,0,"Ban",-0.31869635478116
"West Virginia",2023,10,363640.125002933,0,"Ban",-0.610665294227481
"Alaska",2023,11,159542.666669108,0.99517158846256,"Control",0.0592962392494795
"Arizona",2023,11,1665415.66666443,0.639564254017747,"Control",0.0802684110779245
"California",2023,11,8981876.16665604,1.58461666764055,"Control",0.00551078014048412
"Colorado",2023,11,1386833.16666377,1.52657368980353,"Neighbor",0.15574059296346
"Connecticut",2023,11,812853.499996755,1.42201746739058,"Control",0.0957200473873221
"DC",2023,11,200506.666666856,4.04334726022334,"Control",-0.401501828535721
"Delaware",2023,11,218460.500002853,1.25298838410477,"Control",0.00387027700600417
"Florida",2023,11,4757329.33333486,1.3885420084075,"Neighbor",-0.106425055575871
"Georgia",2023,11,2614426.66666333,0.816735091036822,"Ban",-0.895415621522043
"Hawaii",2023,11,292810.166662793,0.958698028383099,"Control",0.0262764192889796
"Iowa",2023,11,697021.333333923,0.428640698730603,"Neighbor",-0.147904139520175
"Illinois",2023,11,2810105.33333518,2.7217888334157,"Neighbor",0.395649238426975
"Indiana",2023,11,1536491.00000178,0,"Ban",-0.557408433302182
"Kansas",2023,11,648014.666665495,2.62816921705424,"Neighbor",1.21422460245831
"Massachusetts",2023,11,1606723.00000103,1.04096440015994,"Control",-0.0332500615776927
"Maryland",2023,11,1382683.33333149,2.65735635501992,"Neighbor",0.561505452263265
"Maine",2023,11,286154.999999996,0.751778255023753,"Control",-0.0302167801283639
"Michigan",2023,11,2161861.66666833,1.34860424955099,"Neighbor",-0.0803638695497484
"Minnesota",2023,11,1255934.3333339,1.00461810651495,"Neighbor",0.133024784181605
"Montana",2023,11,246490.500002598,0.883720156052168,"Neighbor",0.188444151912109
"North Carolina",2023,11,2463592.50000012,1.46366138428665,"Ban",0.350603424238474
"Nebraska",2023,11,435652.833331304,0.466062167570583,"Ban",-0.0410360012158137
"New Hampshire",2023,11,290144.166666305,0.829962823255538,"Control",0.0261320801999136
"New Jersey",2023,11,2030945.83333238,2.5917344664842,"Control",0.0567121263235646
"New Mexico",2023,11,463674.500002268,3.52452787587485,"Neighbor",0.17726837222324
"Nevada",2023,11,726220.166665622,1.92472499775545,"Neighbor",0.0637309020541275
"New York",2023,11,4345820.66666809,2.16096608173036,"Control",-0.0873455131693923
"Ohio",2023,11,2553053.16666451,0.711013134110811,"Neighbor",0.037931696484158
"Oregon",2023,11,961008.833333008,1.03602550980289,"Neighbor",0.0810865617610149
"Pennsylvania",2023,11,2808448.99999879,1.10432632894395,"Neighbor",0.0249365703274071
"Rhode Island",2023,11,244695.000001132,0.890583164136992,"Control",-0.103534421540032
"South Carolina",2023,11,1182352.50000273,0.402478731505523,"Ban",0.0624398151326667
"Utah",2023,11,863044.500001599,0.398560829206195,"Neighbor",0.0117749463648577
"Virginia",2023,11,1956977.33333188,1.53026008110008,"Neighbor",0.173855791690621
"Vermont",2023,11,138476.333333659,0.873888207531528,"Control",-0.00931955913615223
"Washington",2023,11,1786250.00000231,1.04202205750422,"Neighbor",-0.0141440171964167
"Wyoming",2023,11,125277.833332349,0.46746782308207,"Neighbor",0.0164023465741183
"Wisconsin",2023,11,1265506.66666614,0.0117013229914126,"Control",-0.35626409825594
"Alabama",2023,11,1147136.83332896,0,"Ban",-0.398337675253194
"Arkansas",2023,11,682297.499998273,0,"Ban",-0.327637290219672
"Idaho",2023,11,451869.333335282,0,"Ban",-0.498353072411085
"Kentucky",2023,11,984212.66666593,0,"Ban",-0.269286888268876
"Louisiana",2023,11,1030275.50000213,0,"Ban",-0.372982164950076
"Mississippi",2023,11,663739.50000076,0,"Ban",-0.812366400017011
"Missouri",2023,11,1371218.99999813,0,"Ban",-0.00731999634039869
"North Dakota",2023,11,172560.66666848,0,"Ban",-0.851215419244845
"Oklahoma",2023,11,921489.833335408,0,"Ban",0
"South Dakota",2023,11,194647.000005307,0,"Ban",-0.146041922724774
"Tennessee",2023,11,1612103.66666502,0,"Ban",-0.588675761819509
"Texas",2023,11,7328374.99999079,0,"Ban",-0.324174374683992
"West Virginia",2023,11,363477.833336362,0,"Ban",-0.615437851401134
"Alaska",2023,12,159532.666669189,0.915335932535606,"Control",-0.0108343137171708
"Arizona",2023,12,1667499.58333103,0.640241603869416,"Control",0.0847045896625702
"California",2023,12,8975853.20832235,1.57673826509836,"Control",0.00425553904203202
"Colorado",2023,12,1387661.29166368,1.49373697523768,"Neighbor",0.136456113490597
"Connecticut",2023,12,813311.874996652,1.41282020977573,"Control",0.0940052912695042
"DC",2023,12,200702.833333536,3.89345797542338,"Control",-0.538574270870235
"Delaware",2023,12,218630.625002943,1.28195856878768,"Control",0.0388743125655637
"Florida",2023,12,4762427.66666825,1.40567922788413,"Neighbor",-0.073424432462619
"Georgia",2023,12,2616132.41666324,0.848013646514367,"Ban",-0.858963329924734
"Hawaii",2023,12,292647.958329339,0.947496996518122,"Control",0.0233136452755276
"Iowa",2023,12,697214.250000609,0.434213113415345,"Neighbor",-0.139205868131009
"Illinois",2023,12,2807745.7500019,2.71174513579758,"Neighbor",0.415192428123413
"Indiana",2023,12,1536896.83333517,0,"Ban",-0.558699785934532
"Kansas",2023,12,648100.333332125,2.72617078346128,"Neighbor",1.30664741336616
"Massachusetts",2023,12,1606468.25000105,1.04541144769413,"Control",-0.0266986054781808
"Maryland",2023,12,1382268.9999981,2.65068592099411,"Neighbor",0.558427533065401
"Maine",2023,12,286375.499999997,0.80037217964937,"Control",0.0148430740253863
"Michigan",2023,12,2161169.08333504,1.34098762315622,"Neighbor",-0.0680211245201949
"Minnesota",2023,12,1255996.83333392,1.000367727809,"Neighbor",0.140024149418917
"Montana",2023,12,246976.708336011,0.859634794551474,"Neighbor",0.160476193952411
"North Carolina",2023,12,2465960.70833345,1.61565673623897,"Ban",0.459262952323816
"Nebraska",2023,12,435757.291664574,0.495697855097014,"Ban",-0.00637857281547305
"New Hampshire",2023,12,290130.374999626,0.821550173450691,"Control",0.0218985331850503
"New Jersey",2023,12,2030517.29166567,2.54863629140056,"Control",0.0291751393718331
"New Mexico",2023,12,463756.37500234,3.75440850661329,"Neighbor",0.468176740874625
"Nevada",2023,12,726810.624998923,1.92306058785203,"Neighbor",0.0958935806256267
"New York",2023,12,4339504.41666811,2.17113690508401,"Control",-0.0761227559792084
"Ohio",2023,12,2552436.62499778,0.717159737331442,"Neighbor",0.0349251207576784
"Oregon",2023,12,961034.041666333,1.0318613613209,"Neighbor",0.0924291770353578
"Pennsylvania",2023,12,2808510.49999875,1.10634230183295,"Neighbor",0.035227307031396
"Rhode Island",2023,12,244627.50000117,0.924432535963147,"Control",-0.0767368493256867
"South Carolina",2023,12,1183646.70833615,0.388949783255878,"Ban",0.0303850148277394
"Utah",2023,12,864351.541668321,0.401028444928023,"Neighbor",0.0132832119532189
"Virginia",2023,12,1957064.9999985,1.53679420983984,"Neighbor",0.201242946529887
"Vermont",2023,12,138525.583333671,0.794442032448732,"Control",-0.0792617570835868
"Washington",2023,12,1787022.33333572,1.03670668419813,"Neighbor",-0.0129576243163974
"Wyoming",2023,12,125350.624998986,0.463453950874723,"Neighbor",0.0230481831958928
"Wisconsin",2023,12,1265456.16666612,0.0133598572358704,"Control",-0.363973469239756
"Alabama",2023,12,1147497.20832884,0,"Ban",-0.411218695371596
"Arkansas",2023,12,682659.624998221,0,"Ban",-0.339932779652809
"Idaho",2023,12,452788.750002012,0,"Ban",-0.501198744095009
"Kentucky",2023,12,984121.666665909,0,"Ban",-0.276739363172404
"Louisiana",2023,12,1029583.04166886,0,"Ban",-0.405027257526586
"Mississippi",2023,12,663558.458334116,0,"Ban",-0.788470257727921
"Missouri",2023,12,1371533.41666474,0,"Ban",-0.00732029847214908
"North Dakota",2023,12,172645.166668537,0,"Ban",-0.830322044715415
"Oklahoma",2023,12,922305.375002139,0,"Ban",0
"South Dakota",2023,12,194914.500005474,0,"Ban",-0.148159930874067
"Tennessee",2023,12,1613250.74999831,0,"Ban",-0.602888150536674
"Texas",2023,12,7337287.66665719,0,"Ban",-0.332776208015578
"West Virginia",2023,12,363315.541669791,0,"Ban",-0.611387978906074
