"State","Abortions","Year","Month","Population","AbortionsPerThousandWomen"
"Alabama",650,2022,"Apr",1140289.70833131,0.570030576660384
"Alaska",120,2022,"Apr",159732.666667574,0.751255222262936
"Arizona",1320,2022,"Apr",1625821.24999911,0.811897371867123
"Arkansas",290,2022,"Apr",675417.124999268,0.429364298396068
"California",13690,2022,"Apr",9096312.37499584,1.50500548306052
"Colorado",1600,2022,"Apr",1371098.79166552,1.16694727595553
"Connecticut",900,2022,"Apr",804144.374998723,1.11920200896938
"Delaware",200,2022,"Apr",215228.125001155,0.929246584287841
"DC",930,2022,"Apr",196779.499999937,4.72610205839682
"Florida",6050,2022,"Apr",4660461.00000052,1.29815483918851
"Georgia",4450,2022,"Apr",2582017.41666497,1.723458552711
"Hawaii",240,2022,"Apr",295892.124998415,0.811106412518702
"Idaho",220,2022,"Apr",434400.416667437,0.506445186419849
"Illinois",5640,2022,"Apr",2854937.41666736,1.97552491591347
"Indiana",920,2022,"Apr",1528780.16666745,0.601786980272964
"Iowa",380,2022,"Apr",693355.916666888,0.548059071633429
"Kansas",970,2022,"Apr",646386.999999525,1.50064899201363
"Kentucky",310,2022,"Apr",985941.666666338,0.31442022432034
"Louisiana",760,2022,"Apr",1043432.2083343,0.728365478782029
"Maine",190,2022,"Apr",281965.499999994,0.673841303280026
"Maryland",2860,2022,"Apr",1390555.66666588,2.05673175735379
"Massachusetts",1720,2022,"Apr",1611563.2500005,1.0672866857689
"Michigan",2610,2022,"Apr",2175020.75000066,1.19998855183299
"Minnesota",930,2022,"Apr",1254746.83333356,0.741185373251122
"Mississippi",350,2022,"Apr",667179.291666976,0.524596617987812
"Missouri",10,2022,"Apr",1365245.0833326,0.00732469219049645
"Montana",170,2022,"Apr",237252.541667769,0.716536053965886
"Nebraska",200,2022,"Apr",433668.124999182,0.461182153980944
"Nevada",1140,2022,"Apr",715001.458332915,1.5944023424204
"New Hampshire",230,2022,"Apr",290406.208333206,0.79199408759231
"New Jersey",4580,2022,"Apr",2039088.1249997,2.24610204132334
"New Mexico",1220,2022,"Apr",462118.875000898,2.6400133515378
"New York",9640,2022,"Apr",4465829.41666747,2.15861357445078
"North Carolina",3950,2022,"Apr",2418596.54166686,1.63317855291305
"North Dakota",90,2022,"Apr",170955.166667395,0.526453816836675
"Ohio",2040,2022,"Apr",2564767.45833245,0.795393747441867
"Oklahoma",480,2022,"Apr",905994.541667554,0.529804516389825
"Oregon",840,2022,"Apr",960529.874999839,0.874517307439439
"Pennsylvania",2920,2022,"Apr",2807280.49999948,1.04015256045861
"Rhode Island",310,2022,"Apr",245977.500000409,1.26027787094139
"South Carolina",690,2022,"Apr",1157762.5416678,0.595977132759909
"South Dakota",20,2022,"Apr",189564.500002148,0.105504986428225
"Tennessee",1190,2022,"Apr",1590309.08333265,0.748282212855275
"Texas",3190,2022,"Apr",7159034.33332947,0.445590822933855
"Utah",320,2022,"Apr",838210.708333921,0.381765583305481
"Vermont",110,2022,"Apr",137540.583333439,0.799763948458236
"Virginia",2130,2022,"Apr",1955311.66666605,1.08934040353362
"Washington",1780,2022,"Apr",1771575.66666758,1.00475527717552
"West Virginia",170,2022,"Apr",366561.375001204,0.46376953927413
"Wisconsin",590,2022,"Apr",1266466.16666643,0.465863214927398
"Wyoming",40,2022,"Apr",123894.791666246,0.322854572513055
"Telehealth",3650,2022,"Apr",75030403.3749939,0.0486469462486786
"Alabama",620,2022,"May",1140650.08333119,0.543549690707366
"Alaska",130,2022,"May",159722.666667655,0.813910778678014
"Arizona",1470,2022,"May",1627905.16666571,0.90300100405165
"Arkansas",340,2022,"May",675779.249999216,0.503122876294877
"California",13680,2022,"May",9090289.41666217,1.50490258043105
"Colorado",1690,2022,"May",1371926.91666542,1.23184404319997
"Connecticut",930,2022,"May",804602.749998619,1.15584988990107
"Delaware",220,2022,"May",215398.250001244,1.02136391543909
"DC",890,2022,"May",196975.666666617,4.518324598471
"Florida",6100,2022,"May",4665559.3333339,1.30745309708473
"Georgia",4150,2022,"May",2583723.16666488,1.60620923075009
"Hawaii",210,2022,"May",295729.916664962,0.71010739247566
"Idaho",220,2022,"May",435319.833334165,0.505375549547088
"Illinois",5610,2022,"May",2852577.83333409,1.96664221899356
"Indiana",850,2022,"May",1529186.00000083,0.555851282969853
"Iowa",370,2022,"May",693548.833333574,0.53348802884085
"Kansas",950,2022,"May",646472.666666155,1.46951301885527
"Kentucky",380,2022,"May",985850.666666316,0.385453915941429
"Louisiana",810,2022,"May",1042739.75000103,0.776799771946167
"Maine",230,2022,"May",282185.999999994,0.81506524065689
"Maryland",2850,2022,"May",1390141.3333325,2.05015125560498
"Massachusetts",1590,2022,"May",1611308.50000053,0.98677565469274
"Michigan",2570,2022,"May",2174328.16666738,1.18197429412832
"Minnesota",920,2022,"May",1254809.33333358,0.733179117783486
"Mississippi",350,2022,"May",666998.250000333,0.524739007935666
"Missouri",10,2022,"May",1365559.49999921,0.00732300569840112
"Montana",180,2022,"May",237738.750001181,0.757133618306255
"Nebraska",190,2022,"May",433772.583332451,0.438017540298024
"Nevada",1110,2022,"May",715591.916666215,1.55116341331977
"New Hampshire",200,2022,"May",290392.416666527,0.688723219069699
"New Jersey",4550,2022,"May",2038659.583333,2.2318586375079
"New Mexico",1200,2022,"May",462200.75000097,2.59627445433068
"New York",10150,2022,"May",4459513.16666751,2.27603319480383
"North Carolina",3960,2022,"May",2420964.75000019,1.63571154846418
"North Dakota",110,2022,"May",171039.666667452,0.643125668701578
"Ohio",1990,2022,"May",2564150.91666572,0.776085364970518
"Oklahoma",140,2022,"May",906810.083334283,0.154387343692991
"Oregon",800,2022,"May",960555.083333164,0.832851768608593
"Pennsylvania",2650,2022,"May",2807341.99999944,0.943953390787629
"Rhode Island",290,2022,"May",245910.000000447,1.17929323736112
"South Carolina",630,2022,"May",1159056.75000122,0.543545430367701
"South Dakota",40,2022,"May",189832.000002314,0.21071263011248
"Tennessee",1220,2022,"May",1591456.16666593,0.766593529594895
"Texas",2990,2022,"May",7167946.99999585,0.417134780712208
"Utah",400,2022,"May",839517.75000064,0.476464017585924
"Vermont",120,2022,"May",137589.83333345,0.872157463183918
"Virginia",2180,2022,"May",1955399.33333267,1.11486178952743
"Washington",1730,2022,"May",1772348.00000099,0.976106272582493
"West Virginia",230,2022,"May",366399.083334634,0.627730828108923
"Wisconsin",620,2022,"May",1266415.66666641,0.48957069650917
"Wyoming",40,2022,"May",123967.583332883,0.322664997772767
"Telehealth",4400,2022,"May",75043860.0833268,0.0586323783866442
"Alabama",520,2022,"Jun",1141010.45833107,0.455736401190041
"Alaska",140,2022,"Jun",159712.666667736,0.876574181127751
"Arizona",1170,2022,"Jun",1629989.08333231,0.717796218369809
"Arkansas",260,2022,"Jun",676141.374999164,0.384534965043844
"California",14330,2022,"Jun",9084266.45832849,1.57745262820447
"Colorado",1800,2022,"Jun",1372755.04166533,1.3112317532022
"Connecticut",950,2022,"Jun",805061.124998516,1.1800346215969
"Delaware",250,2022,"Jun",215568.375001334,1.15972484367641
"DC",890,2022,"Jun",197171.833333297,4.5138293079395
"Florida",6650,2022,"Jun",4670657.6666673,1.42378236098495
"Georgia",4360,2022,"Jun",2585428.9166648,1.68637395980873
"Hawaii",250,2022,"Jun",295567.708331507,0.845829882470114
"Idaho",240,2022,"Jun",436239.250000895,0.550156823347527
"Illinois",6250,2022,"Jun",2850218.25000081,2.19281453271104
"Indiana",860,2022,"Jun",1529591.83333422,0.562241495579487
"Iowa",390,2022,"Jun",693741.750000261,0.562168847413109
"Kansas",930,2022,"Jun",646558.333332786,1.43838529650708
"Kentucky",300,2022,"Jun",985759.666666295,0.30433381496989
"Louisiana",540,2022,"Jun",1042047.29166775,0.518210645829474
"Maine",240,2022,"Jun",282406.499999994,0.849838796203362
"Maryland",2890,2022,"Jun",1389726.99999911,2.07954511929455
"Massachusetts",1700,2022,"Jun",1611053.75000056,1.05520998290678
"Michigan",2910,2022,"Jun",2173635.5833341,1.33877086955689
"Minnesota",1030,2022,"Jun",1254871.8333336,0.820800955635269
"Mississippi",470,2022,"Jun",666817.20833369,0.704840838127863
"Missouri",10,2022,"Jun",1365873.91666582,0.0073213199827482
"Montana",170,2022,"Jun",238224.958334594,0.713611206770494
"Nebraska",210,2022,"Jun",433877.041665721,0.484008094076095
"Nevada",1340,2022,"Jun",716182.374999517,1.87103180248034
"New Hampshire",220,2022,"Jun",290378.624999848,0.757631523326191
"New Jersey",4620,2022,"Jun",2038231.04166629,2.26667139571334
"New Mexico",1420,2022,"Jun",462282.625001042,3.07171397583199
"New York",10820,2022,"Jun",4453196.91666753,2.42971514677526
"North Carolina",3170,2022,"Jun",2423332.95833352,1.30811574575371
"North Dakota",130,2022,"Jun",171124.166667509,0.759682296963861
"Ohio",1830,2022,"Jun",2563534.37499898,0.713858186512801
"Oklahoma",0,2022,"Jun",907625.625001013,0
"Oregon",910,2022,"Jun",960580.291666489,0.947344025163437
"Pennsylvania",2920,2022,"Jun",2807403.49999941,1.04010698853963
"Rhode Island",260,2022,"Jun",245842.500000485,1.05758768316905
"South Carolina",490,2022,"Jun",1160350.95833464,0.422286030343147
"South Dakota",30,2022,"Jun",190099.500002481,0.157812093138638
"Tennessee",1040,2022,"Jun",1592603.24999922,0.653018885903008
"Texas",2600,2022,"Jun",7176859.66666225,0.362275440897562
"Utah",360,2022,"Jun",840824.791667362,0.428151029284136
"Vermont",120,2022,"Jun",137639.083333462,0.871845387906811
"Virginia",2470,2022,"Jun",1955486.9999993,1.26311246252258
"Washington",1960,2022,"Jun",1773120.3333344,1.1053959300744
"West Virginia",220,2022,"Jun",366236.791668063,0.600704257477758
"Wisconsin",520,2022,"Jun",1266365.1666664,0.410624055120576
"Wyoming",50,2022,"Jun",124040.37499952,0.403094556914983
"Telehealth",5200,2022,"Jun",75057316.7916598,0.0692803876060997
"Alabama",0,2022,"Jul",1141370.83333094,0
"Alaska",110,2022,"Jul",159702.666667817,0.688779982796413
"Arizona",210,2022,"Jul",1632072.9999989,0.128670715096777
"Arkansas",0,2022,"Jul",676503.499999111,0
"California",13980,2022,"Jul",9078243.49999482,1.53994547513602
"Colorado",1970,2022,"Jul",1373583.16666524,1.43420511244523
"Connecticut",970,2022,"Jul",805519.499998412,1.20419182900217
"Delaware",230,2022,"Jul",215738.500001423,1.06610549344916
"DC",900,2022,"Jul",197367.999999977,4.56000972802129
"Florida",6590,2022,"Jul",4675756.00000068,1.40939775300487
"Georgia",4330,2022,"Jul",2587134.66666471,1.67366625935331
"Hawaii",210,2022,"Jul",295405.499998054,0.710887238055431
"Idaho",200,2022,"Jul",437158.666667623,0.457499794124092
"Illinois",6860,2022,"Jul",2847858.66666754,2.40882740435547
"Indiana",1100,2022,"Jul",1529997.6666676,0.718955344811632
"Iowa",360,2022,"Jul",693934.666666946,0.518780826629003
"Kansas",930,2022,"Jul",646643.999999415,1.43819474084789
"Kentucky",280,2022,"Jul",985668.666666273,0.284071117880835
"Louisiana",310,2022,"Jul",1041354.83333448,0.297689116213502
"Maine",240,2022,"Jul",282626.999999994,0.849175768769456
"Maryland",2780,2022,"Jul",1389312.66666572,2.00098945809791
"Massachusetts",1730,2022,"Jul",1610799.00000059,1.0740011633974
"Michigan",3030,2022,"Jul",2172943.00000082,1.39442221908207
"Minnesota",1160,2022,"Jul",1254934.33333362,0.924351154628599
"Mississippi",0,2022,"Jul",666636.166667047,0
"Missouri",0,2022,"Jul",1366188.33333242,0
"Montana",160,2022,"Jul",238711.166668005,0.670266088651499
"Nebraska",210,2022,"Jul",433981.49999899,0.483891594458493
"Nevada",1240,2022,"Jul",716772.833332816,1.72997628025927
"New Hampshire",210,2022,"Jul",290364.833333169,0.723228076862333
"New Jersey",4740,2022,"Jul",2037802.49999959,2.32603503038246
"New Mexico",1460,2022,"Jul",462364.500001114,3.15768187219495
"New York",10420,2022,"Jul",4446880.66666757,2.34321556638681
"North Carolina",3850,2022,"Jul",2425701.16666685,1.58716995024176
"North Dakota",100,2022,"Jul",171208.666667566,0.584082581486186
"Ohio",810,2022,"Jul",2562917.83333225,0.316046027486904
"Oklahoma",0,2022,"Jul",908441.166667742,0
"Oregon",870,2022,"Jul",960605.499999813,0.905678761989359
"Pennsylvania",3320,2022,"Jul",2807464.99999937,1.18256149230738
"Rhode Island",280,2022,"Jul",245775.000000523,1.13925338215605
"South Carolina",180,2022,"Jul",1161645.16666805,0.15495265263858
"South Dakota",0,2022,"Jul",190367.000002647,0
"Tennessee",280,2022,"Jul",1593750.3333325,0.175686237765062
"Texas",70,2022,"Jul",7185772.33332863,0.00974147200229683
"Utah",270,2022,"Jul",842131.833334081,0.32061488393218
"Vermont",120,2022,"Jul",137688.333333474,0.871533535883295
"Virginia",2670,2022,"Jul",1955574.66666592,1.36532756611749
"Washington",1750,2022,"Jul",1773892.6666678,0.986530940052487
"West Virginia",60,2022,"Jul",366074.500001493,0.16390106385382
"Wisconsin",0,2022,"Jul",1266314.66666638,0
"Wyoming",50,2022,"Jul",124113.166666157,0.402858144249041
"Telehealth",5570,2022,"Jul",75070773.4999927,0.0741966512440496
"Alabama",0,2022,"Aug",1141731.20833082,0
"Alaska",160,2022,"Aug",159692.666667897,1.00192453002705
"Arizona",720,2022,"Aug",1634156.91666549,0.440594163667687
"Arkansas",0,2022,"Aug",676865.624999059,0
"California",14530,2022,"Aug",9072220.54166115,1.60159245834863
"Colorado",2220,2022,"Aug",1374411.29166515,1.61523702072499
"Connecticut",930,2022,"Aug",805977.874998308,1.15387782822444
"Delaware",250,2022,"Aug",215908.625001513,1.15789723545434
"DC",980,2022,"Aug",197564.166666657,4.96041370525213
"Florida",7290,2022,"Aug",4680854.33333406,1.55740800308296
"Georgia",1930,2022,"Aug",2588840.41666462,0.745507520500838
"Hawaii",300,2022,"Aug",295243.2916646,1.01611114788953
"Idaho",200,2022,"Aug",438078.083334351,0.456539616129017
"Illinois",7350,2022,"Aug",2845499.08333427,2.58302666236936
"Indiana",1060,2022,"Aug",1530403.50000099,0.692627793911419
"Iowa",280,2022,"Aug",694127.583333632,0.403384056076933
"Kansas",1280,2022,"Aug",646729.666666045,1.97918862543994
"Kentucky",0,2022,"Aug",985577.666666252,0
"Louisiana",0,2022,"Aug",1040662.37500121,0
"Maine",240,2022,"Aug",282847.499999994,0.848513775090835
"Maryland",2960,2022,"Aug",1388898.33333233,2.13118550794009
"Massachusetts",1740,2022,"Aug",1610544.25000061,1.0803801261588
"Michigan",3150,2022,"Aug",2172250.41666754,1.4501090554893
"Minnesota",1220,2022,"Aug",1254996.83333364,0.972114006661934
"Mississippi",0,2022,"Aug",666455.125000405,0
"Missouri",0,2022,"Aug",1366502.74999903,0
"Montana",220,2022,"Aug",239197.375001417,0.919742534794527
"Nebraska",260,2022,"Aug",434085.95833226,0.598959710650188
"Nevada",1550,2022,"Aug",717363.291666116,2.16069043120403
"New Hampshire",240,2022,"Aug",290351.04166649,0.826585634487491
"New Jersey",5240,2022,"Aug",2037373.95833289,2.57193824362401
"New Mexico",1530,2022,"Aug",462446.375001186,3.30849171430109
"New York",11440,2022,"Aug",4440564.41666761,2.5762490815492
"North Carolina",4310,2022,"Aug",2428069.37500018,1.77507283950636
"North Dakota",0,2022,"Aug",171293.166667623,0
"Ohio",780,2022,"Aug",2562301.29166552,0.30441384958792
"Oklahoma",0,2022,"Aug",909256.70833447,0
"Oregon",1070,2022,"Aug",960630.708333138,1.11385154640396
"Pennsylvania",3100,2022,"Aug",2807526.49999934,1.10417479585704
"Rhode Island",290,2022,"Aug",245707.500000561,1.18026515266867
"South Carolina",360,2022,"Aug",1162939.37500147,0.309560418830556
"South Dakota",0,2022,"Aug",190634.500002813,0
"Tennessee",250,2022,"Aug",1594897.41666578,0.156749893370972
"Texas",0,2022,"Aug",7194684.99999501,0
"Utah",310,2022,"Aug",843438.8750008,0.367542935461335
"Vermont",130,2022,"Aug",137737.583333485,0.943823732446712
"Virginia",2390,2022,"Aug",1955662.33333254,1.22209236188914
"Washington",1960,2022,"Aug",1774665.00000121,1.10443379454639
"West Virginia",160,2022,"Aug",365912.208334922,0.437263355404504
"Wisconsin",0,2022,"Aug",1266264.16666637,0
"Wyoming",40,2022,"Aug",124185.958332794,0.322097606983938
"Telehealth",7180,2022,"Aug",75084230.2083256,0.0956259387634217
"Alabama",0,2022,"Sep",1142091.5833307,0
"Alaska",160,2022,"Sep",159682.666667978,1.00198727475338
"Arizona",610,2022,"Sep",1636240.83333209,0.372805755469246
"Arkansas",0,2022,"Sep",677227.749999007,0
"California",12750,2022,"Sep",9066197.58332746,1.40632275910763
"Colorado",2000,2022,"Sep",1375239.41666506,1.45429223142104
"Connecticut",860,2022,"Sep",806436.249998206,1.06642031530938
"Delaware",270,2022,"Sep",216078.750001602,1.24954443691477
"DC",860,2022,"Sep",197760.333333337,4.34869817169259
"Florida",6790,2022,"Sep",4685952.66666746,1.44901164885835
"Georgia",2210,2022,"Sep",2590546.16666454,0.853101955270493
"Hawaii",280,2022,"Sep",295081.083331146,0.948891731178099
"Idaho",0,2022,"Sep",438997.500001081,0
"Illinois",6720,2022,"Sep",2843139.50000099,2.36358434047913
"Indiana",710,2022,"Sep",1530809.33333438,0.463806944822771
"Iowa",320,2022,"Sep",694320.500000319,0.460882258265244
"Kansas",1150,2022,"Sep",646815.333332676,1.7779417721511
"Kentucky",0,2022,"Sep",985486.66666623,0
"Louisiana",0,2022,"Sep",1039969.91666794,0
"Maine",220,2022,"Sep",283067.999999995,0.777198411689079
"Maryland",3030,2022,"Sep",1388483.99999894,2.18223616548863
"Massachusetts",1700,2022,"Sep",1610289.50000064,1.05571078989171
"Michigan",2970,2022,"Sep",2171557.83333426,1.36768174183959
"Minnesota",1220,2022,"Sep",1255059.33333365,0.972065596898491
"Mississippi",0,2022,"Sep",666274.083333761,0
"Missouri",0,2022,"Sep",1366817.16666564,0
"Montana",170,2022,"Sep",239683.58333483,0.709268434803546
"Nebraska",230,2022,"Sep",434190.41666553,0.529721502759874
"Nevada",1420,2022,"Sep",717953.749999418,1.97784328029647
"New Hampshire",220,2022,"Sep",290337.249999811,0.757739490885661
"New Jersey",4540,2022,"Sep",2036945.41666619,2.22882751931099
"New Mexico",1690,2022,"Sep",462528.250001259,3.65383087410423
"New York",10350,2022,"Sep",4434248.16666763,2.33410481573883
"North Carolina",4010,2022,"Sep",2430437.58333351,1.64990865328046
"North Dakota",0,2022,"Sep",171377.666667681,0
"Ohio",1070,2022,"Sep",2561684.74999878,0.417693863384442
"Oklahoma",0,2022,"Sep",910072.250001201,0
"Oregon",960,2022,"Sep",960655.916666463,0.999317219979513
"Pennsylvania",3020,2022,"Sep",2807587.9999993,1.07565639972843
"Rhode Island",280,2022,"Sep",245640.000000599,1.13987949845024
"South Carolina",790,2022,"Sep",1164233.58333489,0.678557989829743
"South Dakota",0,2022,"Sep",190902.00000298,0
"Tennessee",0,2022,"Sep",1596044.49999907,0
"Texas",0,2022,"Sep",7203597.66666141,0
"Utah",320,2022,"Sep",844745.916667522,0.378812129998074
"Vermont",120,2022,"Sep",137786.833333497,0.870910500639449
"Virginia",2410,2022,"Sep",1955749.99999916,1.23226383740306
"Washington",2020,2022,"Sep",1775437.33333462,1.13774784503717
"West Virginia",20,2022,"Sep",365749.916668351,0.0546821724039797
"Wisconsin",0,2022,"Sep",1266213.66666635,0
"Wyoming",60,2022,"Sep",124258.749999431,0.482863379844676
"Telehealth",6640,2022,"Sep",75097686.9166586,0.0884181693554543
"Alabama",0,2022,"Oct",1142451.95833057,0
"Alaska",150,2022,"Oct",159672.666668059,0.939421900630199
"Arizona",420,2022,"Oct",1638324.74999869,0.256359430570976
"Arkansas",0,2022,"Oct",677589.874998954,0
"California",12780,2022,"Oct",9060174.6249938,1.41056883878866
"Colorado",1960,2022,"Oct",1376067.54166497,1.42434868976599
"Connecticut",860,2022,"Oct",806894.624998102,1.06581451078823
"Delaware",280,2022,"Oct",216248.875001691,1.29480442382792
"DC",910,2022,"Oct",197956.500000017,4.59696953623611
"Florida",7520,2022,"Oct",4691051.00000084,1.60305227975536
"Georgia",2540,2022,"Oct",2592251.91666445,0.979843040590096
"Hawaii",260,2022,"Oct",294918.874997692,0.88159837176252
"Idaho",10,2022,"Oct",439916.916667809,0.0227315650322018
"Illinois",6700,2022,"Oct",2840779.91666772,2.35850723975098
"Indiana",480,2022,"Oct",1531215.16666776,0.313476518812557
"Iowa",310,2022,"Oct",694513.416667005,0.446355667954841
"Kansas",1260,2022,"Oct",646900.999999305,1.9477478006702
"Kentucky",0,2022,"Oct",985395.666666209,0
"Louisiana",0,2022,"Oct",1039277.45833467,0
"Maine",200,2022,"Oct",283288.499999995,0.705994066119888
"Maryland",3100,2022,"Oct",1388069.66666555,2.23331729987795
"Massachusetts",1650,2022,"Oct",1610034.75000067,1.02482260087822
"Michigan",2990,2022,"Oct",2170865.25000098,1.37733099739777
"Minnesota",1260,2022,"Oct",1255121.83333367,1.00388660808598
"Mississippi",0,2022,"Oct",666093.041667118,0
"Missouri",0,2022,"Oct",1367131.58333224,0
"Montana",200,2022,"Oct",240169.791668241,0.832744195724124
"Nebraska",240,2022,"Oct",434294.874998799,0.552619922122414
"Nevada",1480,2022,"Oct",718544.208332718,2.05972017147579
"New Hampshire",200,2022,"Oct",290323.458333132,0.688886806282493
"New Jersey",4630,2022,"Oct",2036516.87499949,2.27348963165413
"New Mexico",1730,2022,"Oct",462610.12500133,3.7396500995196
"New York",10480,2022,"Oct",4427931.91666767,2.36679339186564
"North Carolina",3790,2022,"Oct",2432805.79166684,1.55787199002156
"North Dakota",0,2022,"Oct",171462.166667738,0
"Ohio",1500,2022,"Oct",2561068.20833205,0.585693108492768
"Oklahoma",0,2022,"Oct",910887.791667929,0
"Oregon",960,2022,"Oct",960681.124999787,0.999290997832619
"Pennsylvania",2710,2022,"Oct",2807649.49999926,0.965220195754745
"Rhode Island",310,2022,"Oct",245572.500000637,1.26235633061192
"South Carolina",830,2022,"Oct",1165527.7916683,0.712123731354326
"South Dakota",0,2022,"Oct",191169.500003146,0
"Tennessee",0,2022,"Oct",1597191.58333235,0
"Texas",0,2022,"Oct",7212510.33332779,0
"Utah",280,2022,"Oct",846052.958334241,0.330948550255389
"Vermont",110,2022,"Oct",137836.083333508,0.798049373862748
"Virginia",2420,2022,"Oct",1955837.66666579,1.23732150231338
"Washington",2000,2022,"Oct",1776209.66666802,1.12599319637292
"West Virginia",0,2022,"Oct",365587.625001781,0
"Wisconsin",0,2022,"Oct",1266163.16666634,0
"Wyoming",40,2022,"Oct",124331.541666068,0.321720453748034
"Telehealth",6810,2022,"Oct",75111143.6249915,0.0906656412262924
"Alabama",0,2022,"Nov",1142812.33333045,0
"Alaska",150,2022,"Nov",159662.66666814,0.939480738548458
"Arizona",790,2022,"Nov",1640408.66666528,0.481587311780032
"Arkansas",0,2022,"Nov",677951.999998901,0
"California",13000,2022,"Nov",9054151.66666013,1.43580541596951
"Colorado",1970,2022,"Nov",1376895.66666487,1.43075473886249
"Connecticut",890,2022,"Nov",807352.999997998,1.1023678613967
"Delaware",300,2022,"Nov",216419.000001781,1.38619991774073
"DC",830,2022,"Nov",198152.666666696,4.18868952894843
"Florida",6890,2022,"Nov",4696149.33333422,1.46715947704077
"Georgia",2850,2022,"Nov",2593957.66666436,1.09870721354712
"Hawaii",280,2022,"Nov",294756.666664239,0.949936105495967
"Idaho",0,2022,"Nov",440836.333334537,0
"Illinois",6470,2022,"Nov",2838420.33333445,2.27943688396543
"Indiana",670,2022,"Nov",1531621.00000115,0.437445033725378
"Iowa",350,2022,"Nov",694706.33333369,0.503810003171345
"Kansas",1130,2022,"Nov",646986.666665935,1.74655840409067
"Kentucky",0,2022,"Nov",985304.666666187,0
"Louisiana",0,2022,"Nov",1038585.00000139,0
"Maine",190,2022,"Nov",283508.999999995,0.670172728202645
"Maryland",3140,2022,"Nov",1387655.33333216,2.26280973709801
"Massachusetts",1630,2022,"Nov",1609780.0000007,1.01256072258277
"Michigan",2860,2022,"Nov",2170172.6666677,1.3178674876555
"Minnesota",1290,2022,"Nov",1255184.33333369,1.02773749300538
"Mississippi",0,2022,"Nov",665912.000000476,0
"Missouri",0,2022,"Nov",1367445.99999885,0
"Montana",190,2022,"Nov",240656.000001653,0.789508676279398
"Nebraska",200,2022,"Nov",434399.333332069,0.460405863116539
"Nevada",1430,2022,"Nov",719134.666666017,1.98850099471581
"New Hampshire",200,2022,"Nov",290309.666666453,0.688919533050847
"New Jersey",4880,2022,"Nov",2036088.33333279,2.39675259668726
"New Mexico",1810,2022,"Nov",462692.000001403,3.91188955070438
"New York",8610,2022,"Nov",4421615.6666677,1.94725201127416
"North Carolina",3640,2022,"Nov",2435174.00000017,1.49475971737533
"North Dakota",0,2022,"Nov",171546.666667795,0
"Ohio",1510,2022,"Nov",2560451.66666532,0.5897397008734
"Oklahoma",0,2022,"Nov",911703.333334658,0
"Oregon",950,2022,"Nov",960706.333333112,0.988855768967436
"Pennsylvania",2500,2022,"Nov",2807710.99999923,0.890405031002368
"Rhode Island",200,2022,"Nov",245505.000000675,0.814647359522005
"South Carolina",750,2022,"Nov",1166822.00000172,0.642771562413885
"South Dakota",0,2022,"Nov",191437.000003312,0
"Tennessee",0,2022,"Nov",1598338.66666563,0
"Texas",10,2022,"Nov",7221422.99999416,0.00138476862524299
"Utah",320,2022,"Nov",847360.00000096,0.377643504531294
"Vermont",120,2022,"Nov",137885.33333352,0.870288355540625
"Virginia",2380,2022,"Nov",1955925.33333241,1.21681536582231
"Washington",1830,2022,"Nov",1776982.00000143,1.02983598032987
"West Virginia",0,2022,"Nov",365425.33333521,0
"Wisconsin",0,2022,"Nov",1266112.66666632,0
"Wyoming",40,2022,"Nov",124404.333332705,0.321532208150858
"Telehealth",7490,2022,"Nov",75124600.3333244,0.0997010295797544
"Alabama",0,2022,"Dec",1143172.70833032,0
"Alaska",160,2022,"Dec",159652.66666822,1.00217555609329
"Arizona",820,2022,"Dec",1642492.58333188,0.499241219303765
"Arkansas",0,2022,"Dec",678314.12499885,0
"California",15260,2022,"Dec",9048128.70832644,1.68653657479001
"Colorado",2130,2022,"Dec",1377723.79166478,1.54602832068843
"Connecticut",970,2022,"Dec",807811.374997895,1.20077536665354
"Delaware",320,2022,"Dec",216589.12500187,1.47745183419175
"DC",850,2022,"Dec",198348.833333377,4.28537937791323
"Florida",8050,2022,"Dec",4701247.66666762,1.71231140556058
"Georgia",2580,2022,"Dec",2595663.41666428,0.993965544005544
"Hawaii",270,2022,"Dec",294594.458330785,0.916514185398664
"Idaho",0,2022,"Dec",441755.750001267,0
"Illinois",7350,2022,"Dec",2836060.75000118,2.59162290511476
"Indiana",550,2022,"Dec",1532026.83333454,0.359001544903033
"Iowa",370,2022,"Dec",694899.250000377,0.532451287002827
"Kansas",1310,2022,"Dec",647072.333332565,2.02450318537529
"Kentucky",0,2022,"Dec",985213.666666166,0
"Louisiana",0,2022,"Dec",1037892.54166812,0
"Maine",200,2022,"Dec",283729.499999995,0.704896741438601
"Maryland",3630,2022,"Dec",1387240.99999877,2.61670466775651
"Massachusetts",1800,2022,"Dec",1609525.25000072,1.11834219438259
"Michigan",3020,2022,"Dec",2169480.08333441,1.39203859173409
"Minnesota",1230,2022,"Dec",1255246.83333371,0.979886957159927
"Mississippi",0,2022,"Dec",665730.958333832,0
"Missouri",0,2022,"Dec",1367760.41666546,0
"Montana",170,2022,"Dec",241142.208335066,0.704978200099195
"Nebraska",170,2022,"Dec",434503.791665338,0.39125090105298
"Nevada",1580,2022,"Dec",719725.124999319,2.19528253929095
"New Hampshire",240,2022,"Dec",290295.874999774,0.826742715514599
"New Jersey",5230,2022,"Dec",2035659.79166609,2.56919158172275
"New Mexico",1930,2022,"Dec",462773.875001475,4.1705033586735
"New York",10200,2022,"Dec",4415299.41666772,2.31014910596891
"North Carolina",4010,2022,"Dec",2437542.2083335,1.64509971818767
"North Dakota",0,2022,"Dec",171631.166667852,0
"Ohio",1860,2022,"Dec",2559835.12499858,0.726609296761264
"Oklahoma",0,2022,"Dec",912518.875001388,0
"Oregon",1010,2022,"Dec",960731.541666437,1.05128223254553
"Pennsylvania",3090,2022,"Dec",2807772.49999919,1.10051651264513
"Rhode Island",230,2022,"Dec",245437.500000713,0.937102113569979
"South Carolina",850,2022,"Dec",1168116.20833514,0.7276673279035
"South Dakota",0,2022,"Dec",191704.500003479,0
"Tennessee",0,2022,"Dec",1599485.74999891,0
"Texas",0,2022,"Dec",7230335.66666057,0
"Utah",340,2022,"Dec",848667.041667682,0.400628259737623
"Vermont",120,2022,"Dec",137934.583333532,0.869977616199666
"Virginia",2410,2022,"Dec",1956012.99999903,1.23209815067752
"Washington",1950,2022,"Dec",1777754.33333484,1.0968894652289
"West Virginia",0,2022,"Dec",365263.041668639,0
"Wisconsin",0,2022,"Dec",1266062.1666663,0
"Wyoming",50,2022,"Dec",124477.124999342,0.401680228397501
"Telehealth",8570,2022,"Dec",75138057.0416573,0.114056715563575
"Alabama",0,2023,"Jan",1143533.0833302,0
"Alaska",140,2023,"Jan",159642.666668301,0.87695854073201
"Arizona",1120,2023,"Jan",1644576.49999848,0.681026391901525
"Arkansas",0,2023,"Jan",678676.249998797,0
"California",15750,2023,"Jan",9042105.74999277,1.74185089573992
"Colorado",2330,2023,"Jan",1378551.91666469,1.69017936273106
"Connecticut",1110,2023,"Jan",808269.749997791,1.37330390009404
"Delaware",260,2023,"Jan",216759.250001959,1.19948744977504
"DC",920,2023,"Jan",198545.000000057,4.63371024200931
"Florida",6950,2023,"Jan",4706346.000001,1.47672950522518
"Georgia",2820,2023,"Jan",2597369.16666419,1.08571397404464
"Hawaii",300,2023,"Jan",294432.249997331,1.0189101227964
"Idaho",0,2023,"Jan",442675.166667995,0
"Illinois",7960,2023,"Jan",2833701.1666679,2.80904708429789
"Indiana",510,2023,"Jan",1532432.66666792,0.33280418193442
"Iowa",370,2023,"Jan",695092.166667063,0.53230350986997
"Kansas",1660,2023,"Jan",647157.999999195,2.56506139150264
"Kentucky",0,2023,"Jan",985122.666666145,0
"Louisiana",0,2023,"Jan",1037200.08333485,0
"Maine",240,2023,"Jan",283949.999999995,0.845219228737469
"Maryland",3670,2023,"Jan",1386826.66666538,2.6463292697021
"Massachusetts",1820,2023,"Jan",1609270.50000075,1.13094722111612
"Michigan",2990,2023,"Jan",2168787.50000113,1.37865051324689
"Minnesota",1230,2023,"Jan",1255309.33333373,0.979838170033747
"Mississippi",0,2023,"Jan",665549.91666719,0
"Missouri",0,2023,"Jan",1368074.83333206,0
"Montana",210,2023,"Jan",241628.416668478,0.869103075273332
"Nebraska",320,2023,"Jan",434608.249998608,0.736295272814138
"Nevada",1560,2023,"Jan",720315.583332619,2.16571741066949
"New Hampshire",220,2023,"Jan",290282.083333095,0.757883495508583
"New Jersey",5250,2023,"Jan",2035231.24999939,2.57955944809789
"New Mexico",2070,2023,"Jan",462855.750001547,4.47223568032391
"New York",9630,2023,"Jan",4408983.16666776,2.18417708482162
"North Carolina",4450,2023,"Jan",2439910.41666683,1.82383745304845
"North Dakota",0,2023,"Jan",171715.666667909,0
"Ohio",1950,2023,"Jan",2559218.58333185,0.761951328698659
"Oklahoma",0,2023,"Jan",913334.416668117,0
"Oregon",1050,2023,"Jan",960756.749999761,1.09288849649015
"Pennsylvania",2860,2023,"Jan",2807833.99999915,1.01857873364339
"Rhode Island",250,2023,"Jan",245370.000000751,1.01886946244135
"South Carolina",990,2023,"Jan",1169410.41666856,0.846580452755274
"South Dakota",0,2023,"Jan",191972.000003645,0
"Tennessee",0,2023,"Jan",1600632.8333322,0
"Texas",10,2023,"Jan",7239248.33332694,0.00138135888417635
"Utah",360,2023,"Jan",849974.083334401,0.423542325652731
"Vermont",130,2023,"Jan",137983.833333543,0.942139356903904
"Virginia",3100,2023,"Jan",1956100.66666565,1.58478551376613
"Washington",2050,2023,"Jan",1778526.66666824,1.1526394506304
"West Virginia",0,2023,"Jan",365100.750002069,0
"Wisconsin",0,2023,"Jan",1266011.66666629,0
"Wyoming",50,2023,"Jan",124549.916665979,0.401445471329308
"Telehealth",7250,2023,"Jan",75151513.7499903,0.0964717759926817
"Alabama",0,2023,"Feb",1143893.45833008,0
"Alaska",130,2023,"Feb",159632.666668382,0.814369656995456
"Arizona",990,2023,"Feb",1646660.41666507,0.60121685684594
"Arkansas",0,2023,"Feb",679038.374998744,0
"California",13930,2023,"Feb",9036082.7916591,1.54159720768144
"Colorado",2080,2023,"Feb",1379380.0416646,1.50792380429828
"Connecticut",980,2023,"Feb",808728.124997687,1.21177929851618
"Delaware",220,2023,"Feb",216929.375002049,1.01415495249513
"DC",880,2023,"Feb",198741.166666736,4.42786975018441
"Florida",6870,2023,"Feb",4711444.33333438,1.4581515802688
"Georgia",2580,2023,"Feb",2599074.9166641,0.992660882323243
"Hawaii",260,2023,"Feb",294270.041663877,0.883542199980311
"Idaho",0,2023,"Feb",443594.583334723,0
"Illinois",7400,2023,"Feb",2831341.58333463,2.61360199121033
"Indiana",690,2023,"Feb",1532838.50000131,0.450145269706764
"Iowa",300,2023,"Feb",695285.083333749,0.431477687629313
"Kansas",1560,2023,"Feb",647243.666665825,2.41022057123571
"Kentucky",0,2023,"Feb",985031.666666123,0
"Louisiana",0,2023,"Feb",1036507.62500158,0
"Maine",210,2023,"Feb",284170.499999995,0.738992963731294
"Maryland",3670,2023,"Feb",1386412.333332,2.64712013285385
"Massachusetts",1570,2023,"Feb",1609015.75000078,0.975751791117794
"Michigan",2920,2023,"Feb",2168094.91666785,1.34680450452222
"Minnesota",1100,2023,"Feb",1255371.83333374,0.876234411822718
"Mississippi",0,2023,"Feb",665368.875000547,0
"Missouri",0,2023,"Feb",1368389.24999867,0
"Montana",170,2023,"Feb",242114.625001889,0.702146762091193
"Nebraska",280,2023,"Feb",434712.708331877,0.644103553067136
"Nevada",1450,2023,"Feb",720906.041665918,2.01135781391045
"New Hampshire",230,2023,"Feb",290268.291666416,0.792370391817794
"New Jersey",4950,2023,"Feb",2034802.70833269,2.43266827772999
"New Mexico",1840,2023,"Feb",462937.625001619,3.97461753080356
"New York",8850,2023,"Feb",4402666.9166678,2.01014525230044
"North Carolina",4070,2023,"Feb",2442278.62500015,1.66647652660832
"North Dakota",0,2023,"Feb",171800.166667966,0
"Ohio",1920,2023,"Feb",2558602.04166511,0.750409781878577
"Oklahoma",0,2023,"Feb",914149.958334845,0
"Oregon",880,2023,"Feb",960781.958333086,0.915920612754595
"Pennsylvania",2970,2023,"Feb",2807895.49999912,1.05773167128226
"Rhode Island",230,2023,"Feb",245302.500000789,0.937617839195523
"South Carolina",1000,2023,"Feb",1170704.62500197,0.854186426399669
"South Dakota",0,2023,"Feb",192239.500003811,0
"Tennessee",0,2023,"Feb",1601779.91666548,0
"Texas",0,2023,"Feb",7248160.99999332,0
"Utah",340,2023,"Feb",851281.12500112,0.399398024946874
"Vermont",100,2023,"Feb",138033.083333555,0.724464002288144
"Virginia",2860,2023,"Feb",1956188.33333228,1.46202691799522
"Washington",1900,2023,"Feb",1779299.00000165,1.06783626585427
"West Virginia",0,2023,"Feb",364938.458335498,0
"Wisconsin",0,2023,"Feb",1265961.16666627,0
"Wyoming",40,2023,"Feb",124622.708332616,0.32096879080208
"Telehealth",5950,2023,"Feb",75164970.4583232,0.0791592142419467
"Alabama",0,2023,"Mar",1144253.83332995,0
"Alaska",140,2023,"Mar",159622.666668463,0.877068419679901
"Arizona",1260,2023,"Mar",1648744.33333167,0.764217941209768
"Arkansas",0,2023,"Mar",679400.499998693,0
"California",16090,2023,"Mar",9030059.83332542,1.78182651023196
"Colorado",2390,2023,"Mar",1380208.16666451,1.73162285061377
"Connecticut",1210,2023,"Mar",809186.499997584,1.49532895074697
"Delaware",270,2023,"Mar",217099.500002138,1.24366937739304
"DC",1100,2023,"Mar",198937.333333417,5.52937943606801
"Florida",7870,2023,"Mar",4716542.66666777,1.66859510370127
"Georgia",3220,2023,"Mar",2600780.66666402,1.23808979406566
"Hawaii",280,2023,"Mar",294107.833330423,0.952031766136016
"Idaho",0,2023,"Mar",444514.000001454,0
"Illinois",8570,2023,"Mar",2828982.00000136,3.02935826385459
"Indiana",730,2023,"Mar",1533244.33333469,0.476114591868279
"Iowa",390,2023,"Mar",695478.000000435,0.560765401637084
"Kansas",1700,2023,"Mar",647329.333332455,2.62617482703648
"Kentucky",0,2023,"Mar",984940.666666102,0
"Louisiana",0,2023,"Mar",1035815.16666831,0
"Maine",260,2023,"Mar",284390.999999995,0.914234276049538
"Maryland",3660,2023,"Mar",1385997.99999861,2.64069645122409
"Massachusetts",2010,2023,"Mar",1608761.00000081,1.24940870645111
"Michigan",3370,2023,"Mar",2167402.33333457,1.5548566817381
"Minnesota",1410,2023,"Mar",1255434.33333376,1.12311728504015
"Mississippi",0,2023,"Mar",665187.833333903,0
"Missouri",0,2023,"Mar",1368703.66666528,0
"Montana",190,2023,"Mar",242600.833335302,0.78317950267466
"Nebraska",250,2023,"Mar",434817.166665147,0.574954300717674
"Nevada",1600,2023,"Mar",721496.49999922,2.21761297525592
"New Hampshire",270,2023,"Mar",290254.499999737,0.93021813615377
"New Jersey",5670,2023,"Mar",2034374.16666598,2.78709791586286
"New Mexico",2140,2023,"Mar",463019.500001691,4.62183558142191
"New York",11000,2023,"Mar",4396350.66666782,2.50207520601112
"North Carolina",4670,2023,"Mar",2444646.83333349,1.91029638159719
"North Dakota",0,2023,"Mar",171884.666668023,0
"Ohio",2110,2023,"Mar",2557985.49999838,0.824867850111479
"Oklahoma",0,2023,"Mar",914965.500001576,0
"Oregon",1150,2023,"Mar",960807.166666411,1.19691030614396
"Pennsylvania",3470,2023,"Mar",2807956.99999908,1.23577390964361
"Rhode Island",300,2023,"Mar",245235.000000827,1.22331641078552
"South Carolina",1090,2023,"Mar",1171998.83333539,0.930035055494013
"South Dakota",0,2023,"Mar",192507.000003978,0
"Tennessee",0,2023,"Mar",1602926.99999876,0
"Texas",10,2023,"Mar",7257073.66665972,0.00137796589360003
"Utah",400,2023,"Mar",852588.166667842,0.469159690033365
"Vermont",140,2023,"Mar",138082.333333567,1.01388784951802
"Virginia",3080,2023,"Mar",1956275.9999989,1.57441996937126
"Washington",2080,2023,"Mar",1780071.33333506,1.16849249861409
"West Virginia",0,2023,"Mar",364776.166668927,0
"Wisconsin",0,2023,"Mar",1265910.66666626,0
"Wyoming",50,2023,"Mar",124695.499999253,0.400976779437105
"Telehealth",6870,2023,"Mar",75178427.1666561,0.0913825981590507
"Alabama",0,2023,"Apr",1144614.20832983,0
"Alaska",140,2023,"Apr",159612.666668543,0.877123369479995
"Arizona",1120,2023,"Apr",1650828.24999826,0.678447318793568
"Arkansas",0,2023,"Apr",679762.62499864,0
"California",15750,2023,"Apr",9024036.87499175,1.74533861266102
"Colorado",2330,2023,"Apr",1381036.29166441,1.68713886381067
"Connecticut",1110,2023,"Apr",809644.87499748,1.37097143979755
"Delaware",260,2023,"Apr",217269.625002228,1.1966698059949
"DC",920,2023,"Apr",199133.500000096,4.6200162202721
"Florida",6950,2023,"Apr",4721641.00000116,1.47194587644387
"Georgia",2820,2023,"Apr",2602486.41666393,1.08357914260121
"Hawaii",300,2023,"Apr",293945.62499697,1.02059692163506
"Idaho",0,2023,"Apr",445433.416668182,0
"Illinois",7960,2023,"Apr",2826622.41666809,2.81608182014736
"Indiana",510,2023,"Apr",1533650.16666808,0.332539982770645
"Iowa",370,2023,"Apr",695670.916667121,0.531860670232741
"Kansas",1660,2023,"Apr",647414.999999085,2.56404315624807
"Kentucky",0,2023,"Apr",984849.66666608,0
"Louisiana",0,2023,"Apr",1035122.70833503,0
"Maine",240,2023,"Apr",284611.499999995,0.843254752531095
"Maryland",3670,2023,"Apr",1385583.66666522,2.64870327811589
"Massachusetts",1820,2023,"Apr",1608506.25000083,1.13148456836836
"Michigan",2990,2023,"Apr",2166709.75000129,1.37997255977558
"Minnesota",1230,2023,"Apr",1255496.83333378,0.979691837799323
"Mississippi",0,2023,"Apr",665006.79166726,0
"Missouri",0,2023,"Apr",1369018.08333188,0
"Montana",210,2023,"Apr",243087.041668714,0.863888089461363
"Nebraska",320,2023,"Apr",434921.624998417,0.735764748421431
"Nevada",1560,2023,"Apr",722086.95833252,2.1604046188598
"New Hampshire",220,2023,"Apr",290240.708333058,0.757991534900558
"New Jersey",5250,2023,"Apr",2033945.62499928,2.58118994700355
"New Mexico",2070,2023,"Apr",463101.375001763,4.46986364484908
"New York",9630,2023,"Apr",4390034.41666786,2.19360467048671
"North Carolina",4450,2023,"Apr",2447015.04166682,1.81854215206165
"North Dakota",0,2023,"Apr",171969.16666808,0
"Ohio",1950,2023,"Apr",2557368.95833165,0.762502412351217
"Oklahoma",0,2023,"Apr",915781.041668304,0
"Oregon",1050,2023,"Apr",960832.374999735,1.09280247764371
"Pennsylvania",2860,2023,"Apr",2808018.49999904,1.01851180823808
"Rhode Island",250,2023,"Apr",245167.500000865,1.01971101389506
"South Carolina",990,2023,"Apr",1173293.04166881,0.843778974936981
"South Dakota",0,2023,"Apr",192774.500004144,0
"Tennessee",0,2023,"Apr",1604074.08333205,0
"Texas",10,2023,"Apr",7265986.3333261,0.00137627564122081
"Utah",360,2023,"Apr",853895.208334561,0.421597400343943
"Vermont",130,2023,"Apr",138131.583333578,0.941131614238136
"Virginia",3100,2023,"Apr",1956363.66666552,1.58457246616307
"Washington",2050,2023,"Apr",1780843.66666846,1.15113978748908
"West Virginia",0,2023,"Apr",364613.875002357,0
"Wisconsin",0,2023,"Apr",1265860.16666624,0
"Wyoming",50,2023,"Apr",124768.29166589,0.400742843653676
"Telehealth",6910,2023,"Apr",75191883.874989,0.0918982161889744
"Alabama",0,2023,"May",1144974.5833297,0
"Alaska",160,2023,"May",159602.666668624,1.00248951561819
"Arizona",1150,2023,"May",1652912.16666486,0.695741747923846
"Arkansas",0,2023,"May",680124.749998587,0
"California",15550,2023,"May",9018013.91665808,1.72432645854272
"Colorado",2390,2023,"May",1381864.41666432,1.72954739349119
"Connecticut",1260,2023,"May",810103.249997376,1.55535729551027
"Delaware",260,2023,"May",217439.750002317,1.19573353076993
"DC",1020,2023,"May",199329.666666776,5.11715098437985
"Florida",6890,2023,"May",4726739.33333454,1.45766447314101
"Georgia",2420,2023,"May",2604192.16666385,0.929270900580348
"Hawaii",300,2023,"May",293783.416663516,1.02116042970391
"Idaho",0,2023,"May",446352.833334909,0
"Illinois",7960,2023,"May",2824262.83333482,2.81843456849979
"Indiana",640,2023,"May",1534056.00000147,0.417194678681475
"Iowa",260,2023,"May",695863.833333806,0.373636317258175
"Kansas",1810,2023,"May",647500.666665715,2.79536391726134
"Kentucky",0,2023,"May",984758.666666059,0
"Louisiana",0,2023,"May",1034430.25000176,0
"Maine",220,2023,"May",284831.999999995,0.772385125266837
"Maryland",3900,2023,"May",1385169.33333183,2.81554024201439
"Massachusetts",1800,2023,"May",1608251.50000086,1.11922793170038
"Michigan",3000,2023,"May",2166017.16666801,1.38503057416433
"Minnesota",1390,2023,"May",1255559.3333338,1.10707631499121
"Mississippi",0,2023,"May",664825.750000618,0
"Missouri",0,2023,"May",1369332.49999849,0
"Montana",190,2023,"May",243573.250002126,0.780052817780039
"Nebraska",180,2023,"May",435026.083331686,0.413768293205442
"Nevada",1420,2023,"May",722677.41666582,1.96491542042559
"New Hampshire",260,2023,"May",290226.916666379,0.895850746672386
"New Jersey",5880,2023,"May",2033517.08333258,2.89154197335962
"New Mexico",1860,2023,"May",463183.250001835,4.0156892547229
"New York",10370,2023,"May",4383718.16666789,2.36557178306979
"North Carolina",4500,2023,"May",2449383.25000014,1.83719718014718
"North Dakota",0,2023,"May",172053.666668137,0
"Ohio",1970,2023,"May",2556752.41666491,0.770508707514869
"Oklahoma",0,2023,"May",916596.583335033,0
"Oregon",1110,2023,"May",960857.58333306,1.15521802528694
"Pennsylvania",3060,2023,"May",2808079.99999901,1.08971254380256
"Rhode Island",230,2023,"May",245100.000000903,0.938392492856598
"South Carolina",890,2023,"May",1174587.25000222,0.757712975343734
"South Dakota",0,2023,"May",193042.00000431,0
"Tennessee",0,2023,"May",1605221.16666533,0
"Texas",10,2023,"May",7274898.99999248,0.00137458953038528
"Utah",310,2023,"May",855202.250001279,0.362487353137268
"Vermont",170,2023,"May",138180.83333359,1.23027192627789
"Virginia",2980,2023,"May",1956451.33333214,1.52316592251983
"Washington",2010,2023,"May",1781616.00000187,1.12818923943088
"West Virginia",0,2023,"May",364451.583335786,0
"Wisconsin",0,2023,"May",1265809.66666623,0
"Wyoming",70,2023,"May",124841.083332527,0.560712852943993
"Telehealth",7400,2023,"May",75205340.583322,0.0983972673031292
"Alabama",0,2023,"Jun",1145334.95832958,0
"Alaska",140,2023,"Jun",159592.666668705,0.877233289738953
"Arizona",1090,2023,"Jun",1654996.08333146,0.65861183055241
"Arkansas",0,2023,"Jun",680486.874998535,0
"California",15200,2023,"Jun",9011990.9583244,1.68664172770388
"Colorado",2270,2023,"Jun",1382692.54166423,1.64172433972038
"Connecticut",1220,2023,"Jun",810561.624997274,1.50512923678579
"Delaware",310,2023,"Jun",217609.875002406,1.42456770400044
"DC",910,2023,"Jun",199525.833333456,4.56081292731236
"Florida",6920,2023,"Jun",4731837.66666793,1.46243393951275
"Georgia",2450,2023,"Jun",2605897.91666376,0.940174971679876
"Hawaii",260,2023,"Jun",293621.208330062,0.885494618998134
"Idaho",0,2023,"Jun",447272.25000164,0
"Illinois",8030,2023,"Jun",2821903.25000154,2.84559720465102
"Indiana",700,2023,"Jun",1534461.83333485,0.4561859961539
"Iowa",290,2023,"Jun",696056.750000493,0.41663269553782
"Kansas",2020,2023,"Jun",647586.333332345,3.1192752163337
"Kentucky",0,2023,"Jun",984667.666666037,0
"Louisiana",0,2023,"Jun",1033737.79166849,0
"Maine",250,2023,"Jun",285052.499999996,0.877031424035936
"Maryland",4010,2023,"Jun",1384754.99999844,2.89581911602018
"Massachusetts",1850,2023,"Jun",1607996.75000089,1.15049983776334
"Michigan",2950,2023,"Jun",2165324.58333473,1.36238235260638
"Minnesota",1370,2023,"Jun",1255621.83333381,1.09109284629314
"Mississippi",0,2023,"Jun",664644.708333974,0
"Missouri",0,2023,"Jun",1369646.9166651,0
"Montana",200,2023,"Jun",244059.458335539,0.819472440707606
"Nebraska",240,2023,"Jun",435130.541664956,0.551558617516663
"Nevada",1420,2023,"Jun",723267.874999121,1.96331131118153
"New Hampshire",240,2023,"Jun",290213.1249997,0.826978449028617
"New Jersey",5700,2023,"Jun",2033088.54166588,2.80361621404325
"New Mexico",2000,2023,"Jun",463265.125001908,4.31718230460746
"New York",10520,2023,"Jun",4377401.91666791,2.40325202032347
"North Carolina",4660,2023,"Jun",2451751.45833348,1.90068205492882
"North Dakota",0,2023,"Jun",172138.166668195,0
"Ohio",1970,2023,"Jun",2556135.87499818,0.770694554725657
"Oklahoma",0,2023,"Jun",917412.125001763,0
"Oregon",1120,2023,"Jun",960882.791666385,1.16559481521952
"Pennsylvania",3220,2023,"Jun",2808141.49999897,1.14666586423839
"Rhode Island",240,2023,"Jun",245032.500000941,0.979461908110467
"South Carolina",930,2023,"Jun",1175881.45833564,0.790896049433701
"South Dakota",0,2023,"Jun",193309.500004476,0
"Tennessee",0,2023,"Jun",1606368.24999861,0
"Texas",0,2023,"Jun",7283811.66665888,0
"Utah",330,2023,"Jun",856509.291668002,0.385284786995532
"Vermont",120,2023,"Jun",138230.083333601,0.868117830113686
"Virginia",3070,2023,"Jun",1956538.99999876,1.56909726818731
"Washington",1990,2023,"Jun",1782388.33333528,1.11647948024673
"West Virginia",0,2023,"Jun",364289.291669215,0
"Wisconsin",0,2023,"Jun",1265759.16666621,0
"Wyoming",70,2023,"Jun",124913.874999164,0.560386106030803
"Telehealth",7110,2023,"Jun",75218797.2916549,0.0945242446835668
"Alabama",0,2023,"Jul",1145695.33332946,0
"Alaska",170,2023,"Jul",159582.666668786,1.06527860167192
"Arizona",1040,2023,"Jul",1657079.99999805,0.627610012794326
"Arkansas",0,2023,"Jul",680848.999998483,0
"California",14060,2023,"Jul",9005967.99999073,1.56118698178968
"Colorado",2230,2023,"Jul",1383520.66666414,1.61182991604805
"Connecticut",1350,2023,"Jul",811019.99999717,1.66457054080628
"Delaware",310,2023,"Jul",217780.000002496,1.42345486268917
"DC",950,2023,"Jul",199722.000000136,4.75661169024621
"Florida",6930,2023,"Jul",4736936.00000132,1.46297100066331
"Georgia",2420,2023,"Jul",2607603.66666367,0.928055145395732
"Hawaii",280,2023,"Jul",293458.999996608,0.954136693722926
"Idaho",0,2023,"Jul",448191.666668368,0
"Illinois",7740,2023,"Jul",2819543.66666827,2.74512506810935
"Indiana",880,2023,"Jul",1534867.66666824,0.573339330230488
"Iowa",190,2023,"Jul",696249.666667179,0.272890615387287
"Kansas",1710,2023,"Jul",647671.999998975,2.64022529922971
"Kentucky",0,2023,"Jul",984576.666666016,0
"Louisiana",0,2023,"Jul",1033045.33333522,0
"Maine",230,2023,"Jul",285272.999999996,0.806245245782122
"Maryland",3880,2023,"Jul",1384340.66666505,2.80277831420435
"Massachusetts",1730,2023,"Jul",1607742.00000092,1.07604329550327
"Michigan",3000,2023,"Jul",2164632.00000145,1.38591686716171
"Minnesota",1300,2023,"Jul",1255684.33333383,1.03529204393951
"Mississippi",0,2023,"Jul",664463.666667331,0
"Missouri",0,2023,"Jul",1369961.3333317,0
"Montana",200,2023,"Jul",244545.66666895,0.817843156757903
"Nebraska",120,2023,"Jul",435234.999998226,0.275713120499246
"Nevada",1310,2023,"Jul",723858.333332421,1.80974638223637
"New Hampshire",240,2023,"Jul",290199.333333021,0.827017751018007
"New Jersey",5400,2023,"Jul",2032659.99999918,2.65661743725078
"New Mexico",1760,2023,"Jul",463347.00000198,3.79844911047763
"New York",10040,2023,"Jul",4371085.66666795,2.29691220114051
"North Carolina",3130,2023,"Jul",2454119.6666668,1.27540642883612
"North Dakota",0,2023,"Jul",172222.666668252,0
"Ohio",1720,2023,"Jul",2555519.33333145,0.673053018056318
"Oklahoma",0,2023,"Jul",918227.666668492,0
"Oregon",1070,2023,"Jul",960907.999999709,1.11353011942904
"Pennsylvania",3240,2023,"Jul",2808202.99999894,1.15376274436044
"Rhode Island",210,2023,"Jul",244965.00000098,0.857265323614232
"South Carolina",880,2023,"Jul",1177175.66666906,0.747551979637882
"South Dakota",0,2023,"Jul",193577.000004642,0
"Tennessee",0,2023,"Jul",1607515.33333189,0
"Texas",10,2023,"Jul",7292724.33332526,0.00137122967260718
"Utah",370,2023,"Jul",857816.33333472,0.43132776285763
"Vermont",110,2023,"Jul",138279.333333613,0.795491252005199
"Virginia",2870,2023,"Jul",1956626.66666539,1.46681022440078
"Washington",1850,2023,"Jul",1783160.66666868,1.03748362925489
"West Virginia",0,2023,"Jul",364127.000002645,0
"Wisconsin",0,2023,"Jul",1265708.6666662,0
"Wyoming",50,2023,"Jul",124986.666665801,0.400042671221034
"Telehealth",14110,2023,"Jul",75232253.9999878,0.187552535645181
"Alabama",0,2023,"Aug",1146055.70832933,0
"Alaska",170,2023,"Aug",159572.666668866,1.06534535988404
"Arizona",1120,2023,"Aug",1659163.91666465,0.67503878836245
"Arkansas",0,2023,"Aug",681211.12499843,0
"California",15280,2023,"Aug",8999945.04165706,1.69778814529146
"Colorado",2300,2023,"Aug",1384348.79166404,1.66143100196252
"Connecticut",1190,2023,"Aug",811478.374997066,1.46645928796846
"Delaware",290,2023,"Aug",217950.125002585,1.33057964521269
"DC",930,2023,"Aug",199918.166666816,4.65190340380592
"Florida",6980,2023,"Aug",4742034.3333347,1.47194210529714
"Georgia",2400,2023,"Aug",2609309.41666359,0.91978359663791
"Hawaii",300,2023,"Aug",293296.791663155,1.02285469370065
"Idaho",0,2023,"Aug",449111.083335096,0
"Illinois",8410,2023,"Aug",2817184.083335,2.9852504313613
"Indiana",70,2023,"Aug",1535273.50000162,0.0455944820254671
"Iowa",370,2023,"Aug",696442.583333865,0.531271362283468
"Kansas",1820,2023,"Aug",647757.666665605,2.80969271945267
"Kentucky",0,2023,"Aug",984485.666665994,0
"Louisiana",0,2023,"Aug",1032352.87500195,0
"Maine",220,2023,"Aug",285493.499999996,0.77059547765537
"Maryland",3790,2023,"Aug",1383926.33333166,2.73858507401616
"Massachusetts",1900,2023,"Aug",1607487.25000094,1.1819689394108
"Michigan",3160,2023,"Aug",2163939.41666817,1.46029966257811
"Minnesota",1390,2023,"Aug",1255746.83333385,1.10691101351195
"Mississippi",0,2023,"Aug",664282.625000689,0
"Missouri",0,2023,"Aug",1370275.74999831,0
"Montana",250,2023,"Aug",245031.875002362,1.0202754233407
"Nebraska",230,2023,"Aug",435339.458331495,0.528323347673354
"Nevada",1510,2023,"Aug",724448.791665721,2.08434332056523
"New Hampshire",260,2023,"Aug",290185.541666342,0.895978478138481
"New Jersey",5790,2023,"Aug",2032231.45833248,2.84908491907261
"New Mexico",1700,2023,"Aug",463428.875002052,3.66830832453518
"New York",10440,2023,"Aug",4364769.41666799,2.39187892953341
"North Carolina",3310,2023,"Aug",2456487.87500013,1.34745220348373
"North Dakota",0,2023,"Aug",172307.166668309,0
"Ohio",1930,2023,"Aug",2554902.79166471,0.75541034527676
"Oklahoma",0,2023,"Aug",919043.20833522,0
"Oregon",1120,2023,"Aug",960933.208333034,1.16553366070354
"Pennsylvania",3360,2023,"Aug",2808264.4999989,1.19646849504429
"Rhode Island",230,2023,"Aug",244897.500001018,0.939168427603566
"South Carolina",760,2023,"Aug",1178469.87500248,0.644904054079789
"South Dakota",0,2023,"Aug",193844.500004808,0
"Tennessee",0,2023,"Aug",1608662.41666517,0
"Texas",10,2023,"Aug",7301636.99999163,0.0013695558954809
"Utah",340,2023,"Aug",859123.375001439,0.395752239891541
"Vermont",140,2023,"Aug",138328.583333625,1.01208294501466
"Virginia",3080,2023,"Aug",1956714.33333201,1.57406727570457
"Washington",1990,2023,"Aug",1783933.00000209,1.11551274627336
"West Virginia",0,2023,"Aug",363964.708336074,0
"Wisconsin",0,2023,"Aug",1265658.16666618,0
"Wyoming",80,2023,"Aug",125059.458332438,0.639695718074685
"Telehealth",14060,2023,"Aug",75245710.7083207,0.186854504630856
"Alabama",0,2023,"Sep",1146416.08332921,0
"Alaska",150,2023,"Sep",159562.666668947,0.940069523350427
"Arizona",1120,2023,"Sep",1661247.83333125,0.674192000451914
"Arkansas",0,2023,"Sep",681573.249998378,0
"California",13880,2023,"Sep",8993922.08332338,1.54326442584336
"Colorado",1980,2023,"Sep",1385176.91666395,1.4294202972777
"Connecticut",1080,2023,"Sep",811936.749996963,1.33015287213449
"Delaware",270,2023,"Sep",218120.250002674,1.23784930558575
"DC",770,2023,"Sep",200114.333333496,3.84780034080204
"Florida",6790,2023,"Sep",4747132.66666809,1.43033710594942
"Georgia",2290,2023,"Sep",2611015.1666635,0.877053503647888
"Hawaii",270,2023,"Sep",293134.583329701,0.921078628570822
"Idaho",0,2023,"Sep",450030.500001826,0
"Illinois",7560,2023,"Sep",2814824.50000172,2.68578023247822
"Indiana",60,2023,"Sep",1535679.33333501,0.0390706566778488
"Iowa",330,2023,"Sep",696635.500000551,0.473705402609742
"Kansas",1620,2023,"Sep",647843.333332235,2.50060457003917
"Kentucky",0,2023,"Sep",984394.666665973,0
"Louisiana",0,2023,"Sep",1031660.41666867,0
"Maine",230,2023,"Sep",285713.999999996,0.805000805000816
"Maryland",3230,2023,"Sep",1383511.99999827,2.3346382250418
"Massachusetts",1650,2023,"Sep",1607232.50000097,1.02660940467481
"Michigan",2970,2023,"Sep",2163246.83333489,1.37293625222667
"Minnesota",1260,2023,"Sep",1255809.33333387,1.00333702462221
"Mississippi",0,2023,"Sep",664101.583334045,0
"Missouri",0,2023,"Sep",1370590.16666492,0
"Montana",210,2023,"Sep",245518.083335775,0.855334145439708
"Nebraska",180,2023,"Sep",435443.916664765,0.413371258872303
"Nevada",1380,2023,"Sep",725039.249999022,1.90334523269169
"New Hampshire",250,2023,"Sep",290171.749999663,0.861558714796634
"New Jersey",4940,2023,"Sep",2031802.91666578,2.43133817728081
"New Mexico",1690,2023,"Sep",463510.750002124,3.64608587825041
"New York",9310,2023,"Sep",4358453.16666801,2.13607893534334
"North Carolina",3920,2023,"Sep",2458856.08333347,1.59423726608906
"North Dakota",0,2023,"Sep",172391.666668366,0
"Ohio",1800,2023,"Sep",2554286.24999798,0.704697838780373
"Oklahoma",0,2023,"Sep",919858.750001951,0
"Oregon",960,2023,"Sep",960958.416666359,0.999002645015917
"Pennsylvania",3190,2023,"Sep",2808325.99999886,1.13590801068013
"Rhode Island",240,2023,"Sep",244830.000001055,0.980272025482847
"South Carolina",160,2023,"Sep",1179764.0833359,0.135620334827947
"South Dakota",0,2023,"Sep",194112.000004975,0
"Tennessee",0,2023,"Sep",1609809.49999846,0
"Texas",10,2023,"Sep",7310549.66665803,0.00136788619952998
"Utah",350,2023,"Sep",860430.416668161,0.406773160525057
"Vermont",110,2023,"Sep",138377.833333636,0.79492500605053
"Virginia",3040,2023,"Sep",1956801.99999863,1.55355523962165
"Washington",1790,2023,"Sep",1784705.3333355,1.00296668955127
"West Virginia",0,2023,"Sep",363802.416669503,0
"Wisconsin",50,2023,"Sep",1265607.66666617,0.0395067139026653
"Wyoming",60,2023,"Sep",125132.249999075,0.479492696730408
"Telehealth",13770,2023,"Sep",75259167.4166537,0.182967742969648
